image_index,image_name,label_id,class
0,11500X00.png,1,1
0,11500X00.png,2,1
0,11500X00.png,3,1
0,11500X00.png,4,1
0,11500X00.png,5,0
0,11500X00.png,6,1
0,11500X00.png,7,1
0,11500X00.png,8,1
0,11500X00.png,9,1
0,11500X00.png,10,1
0,11500X00.png,11,1
0,11500X00.png,12,1
0,11500X00.png,13,1
0,11500X00.png,14,1
0,11500X00.png,15,1
0,11500X00.png,16,1
0,11500X00.png,17,1
0,11500X00.png,18,1
0,11500X00.png,19,1
0,11500X00.png,20,1
0,11500X00.png,21,1
0,11500X00.png,22,1
0,11500X00.png,23,1
0,11500X00.png,24,1
0,11500X00.png,25,1
0,11500X00.png,26,0
0,11500X00.png,27,1
0,11500X00.png,28,0
1,11500X01.png,1,1
1,11500X01.png,2,1
1,11500X01.png,3,1
1,11500X01.png,4,1
1,11500X01.png,5,0
1,11500X01.png,6,1
1,11500X01.png,7,1
1,11500X01.png,8,1
1,11500X01.png,9,1
1,11500X01.png,10,1
1,11500X01.png,11,1
1,11500X01.png,12,1
1,11500X01.png,13,1
1,11500X01.png,14,1
1,11500X01.png,15,1
1,11500X01.png,16,1
1,11500X01.png,17,1
1,11500X01.png,18,1
1,11500X01.png,19,1
1,11500X01.png,20,1
1,11500X01.png,21,1
1,11500X01.png,22,1
1,11500X01.png,23,1
1,11500X01.png,24,1
1,11500X01.png,25,1
1,11500X01.png,26,0
1,11500X01.png,27,1
1,11500X01.png,28,0
2,11500X02.png,1,1
2,11500X02.png,2,1
2,11500X02.png,3,1
2,11500X02.png,4,1
2,11500X02.png,5,1
2,11500X02.png,6,1
2,11500X02.png,7,0
2,11500X02.png,8,1
2,11500X02.png,9,1
2,11500X02.png,10,1
2,11500X02.png,11,1
2,11500X02.png,12,1
2,11500X02.png,13,0
2,11500X02.png,14,1
2,11500X02.png,15,0
2,11500X02.png,16,1
2,11500X02.png,17,1
2,11500X02.png,18,1
2,11500X02.png,19,1
2,11500X02.png,20,1
2,11500X02.png,21,1
2,11500X02.png,22,0
2,11500X02.png,23,0
2,11500X02.png,24,1
2,11500X02.png,25,1
2,11500X02.png,26,1
2,11500X02.png,27,1
2,11500X02.png,28,1
2,11500X02.png,29,1
2,11500X02.png,30,1
2,11500X02.png,31,1
2,11500X02.png,32,1
2,11500X02.png,33,0
2,11500X02.png,34,0
2,11500X02.png,35,1
2,11500X02.png,36,1
3,11500X03.png,1,1
3,11500X03.png,2,1
3,11500X03.png,3,1
3,11500X03.png,4,1
3,11500X03.png,5,1
3,11500X03.png,6,1
3,11500X03.png,7,0
3,11500X03.png,8,1
3,11500X03.png,9,1
3,11500X03.png,10,1
3,11500X03.png,11,1
3,11500X03.png,12,1
3,11500X03.png,13,0
3,11500X03.png,14,1
3,11500X03.png,15,0
3,11500X03.png,16,1
3,11500X03.png,17,1
3,11500X03.png,18,1
3,11500X03.png,19,1
3,11500X03.png,20,1
3,11500X03.png,21,1
3,11500X03.png,22,0
3,11500X03.png,23,0
3,11500X03.png,24,1
3,11500X03.png,25,1
3,11500X03.png,26,1
3,11500X03.png,27,1
3,11500X03.png,28,1
3,11500X03.png,29,1
3,11500X03.png,30,1
3,11500X03.png,31,1
3,11500X03.png,32,1
3,11500X03.png,33,0
3,11500X03.png,34,0
3,11500X03.png,35,1
3,11500X03.png,36,1
4,11500X04.png,1,1
4,11500X04.png,2,1
4,11500X04.png,3,0
4,11500X04.png,4,1
4,11500X04.png,5,1
4,11500X04.png,6,1
4,11500X04.png,7,0
4,11500X04.png,8,1
4,11500X04.png,9,1
4,11500X04.png,10,1
4,11500X04.png,11,1
4,11500X04.png,12,1
4,11500X04.png,13,1
4,11500X04.png,14,1
4,11500X04.png,15,1
4,11500X04.png,16,1
4,11500X04.png,17,1
4,11500X04.png,18,1
4,11500X04.png,19,1
4,11500X04.png,20,1
4,11500X04.png,21,1
4,11500X04.png,22,0
4,11500X04.png,23,0
4,11500X04.png,24,1
4,11500X04.png,25,1
4,11500X04.png,27,1
4,11500X04.png,28,1
4,11500X04.png,29,0
4,11500X04.png,30,1
4,11500X04.png,32,1
4,11500X04.png,33,0
4,11500X04.png,34,1
4,11500X04.png,35,1
4,11500X04.png,36,1
4,11500X04.png,37,1
4,11500X04.png,38,1
4,11500X04.png,39,1
4,11500X04.png,40,1
4,11500X04.png,41,1
4,11500X04.png,42,1
4,11500X04.png,43,1
4,11500X04.png,44,1
4,11500X04.png,45,1
4,11500X04.png,46,1
4,11500X04.png,47,1
4,11500X04.png,48,1
4,11500X04.png,49,1
4,11500X04.png,50,1
4,11500X04.png,51,1
4,11500X04.png,52,1
4,11500X04.png,53,0
4,11500X04.png,54,1
4,11500X04.png,55,0
4,11500X04.png,56,1
5,11500X05.png,1,1
5,11500X05.png,2,1
5,11500X05.png,3,0
5,11500X05.png,4,1
5,11500X05.png,5,1
5,11500X05.png,6,1
5,11500X05.png,7,0
5,11500X05.png,8,1
5,11500X05.png,9,1
5,11500X05.png,10,1
5,11500X05.png,11,1
5,11500X05.png,12,1
5,11500X05.png,13,1
5,11500X05.png,14,1
5,11500X05.png,15,1
5,11500X05.png,16,1
5,11500X05.png,17,1
5,11500X05.png,18,1
5,11500X05.png,19,1
5,11500X05.png,20,1
5,11500X05.png,21,1
5,11500X05.png,22,0
5,11500X05.png,23,0
5,11500X05.png,24,1
5,11500X05.png,25,1
5,11500X05.png,27,1
5,11500X05.png,28,1
5,11500X05.png,29,0
5,11500X05.png,30,1
5,11500X05.png,32,1
5,11500X05.png,33,0
5,11500X05.png,34,1
5,11500X05.png,35,1
5,11500X05.png,36,1
5,11500X05.png,37,1
5,11500X05.png,38,1
5,11500X05.png,39,1
5,11500X05.png,40,1
5,11500X05.png,41,1
5,11500X05.png,42,1
5,11500X05.png,43,1
5,11500X05.png,44,1
5,11500X05.png,45,1
5,11500X05.png,46,1
5,11500X05.png,47,1
5,11500X05.png,48,1
5,11500X05.png,49,1
5,11500X05.png,50,1
5,11500X05.png,51,1
5,11500X05.png,52,1
5,11500X05.png,53,0
5,11500X05.png,54,1
5,11500X05.png,55,0
5,11500X05.png,56,1
6,11500X06.png,1,1
6,11500X06.png,2,1
6,11500X06.png,3,1
6,11500X06.png,4,1
6,11500X06.png,5,1
6,11500X06.png,6,1
6,11500X06.png,7,1
6,11500X06.png,8,1
6,11500X06.png,9,1
6,11500X06.png,10,1
6,11500X06.png,12,1
6,11500X06.png,13,1
6,11500X06.png,14,1
6,11500X06.png,15,1
6,11500X06.png,16,1
6,11500X06.png,17,1
6,11500X06.png,18,1
6,11500X06.png,19,1
6,11500X06.png,20,1
6,11500X06.png,21,1
6,11500X06.png,22,1
7,11500X07.png,1,1
7,11500X07.png,2,1
7,11500X07.png,3,1
7,11500X07.png,4,1
7,11500X07.png,5,1
7,11500X07.png,6,1
7,11500X07.png,7,1
7,11500X07.png,8,1
7,11500X07.png,9,1
7,11500X07.png,10,1
7,11500X07.png,12,1
7,11500X07.png,13,1
7,11500X07.png,14,1
7,11500X07.png,15,1
7,11500X07.png,16,1
7,11500X07.png,17,1
7,11500X07.png,18,1
7,11500X07.png,19,1
7,11500X07.png,20,1
7,11500X07.png,21,1
7,11500X07.png,22,1
8,11500X08.png,1,1
8,11500X08.png,2,0
8,11500X08.png,3,1
8,11500X08.png,4,1
8,11500X08.png,5,1
8,11500X08.png,6,1
8,11500X08.png,7,1
8,11500X08.png,8,1
8,11500X08.png,9,1
8,11500X08.png,10,1
8,11500X08.png,11,1
8,11500X08.png,12,1
8,11500X08.png,13,1
8,11500X08.png,14,1
8,11500X08.png,15,1
8,11500X08.png,16,1
8,11500X08.png,17,1
8,11500X08.png,18,1
8,11500X08.png,19,1
8,11500X08.png,20,1
8,11500X08.png,21,1
9,11500X09.png,1,1
9,11500X09.png,2,0
9,11500X09.png,3,1
9,11500X09.png,4,1
9,11500X09.png,5,1
9,11500X09.png,6,1
9,11500X09.png,7,1
9,11500X09.png,8,1
9,11500X09.png,9,1
9,11500X09.png,10,1
9,11500X09.png,11,1
9,11500X09.png,12,1
9,11500X09.png,13,1
9,11500X09.png,14,1
9,11500X09.png,15,1
9,11500X09.png,16,1
9,11500X09.png,17,1
9,11500X09.png,18,1
9,11500X09.png,19,1
9,11500X09.png,20,1
9,11500X09.png,21,1
10,11500X10.png,1,1
10,11500X10.png,2,1
10,11500X10.png,3,1
10,11500X10.png,4,1
10,11500X10.png,6,1
10,11500X10.png,7,1
10,11500X10.png,8,1
10,11500X10.png,9,1
10,11500X10.png,10,1
10,11500X10.png,11,1
10,11500X10.png,12,1
10,11500X10.png,13,1
10,11500X10.png,14,0
10,11500X10.png,15,1
10,11500X10.png,16,1
10,11500X10.png,17,1
10,11500X10.png,18,1
10,11500X10.png,19,1
10,11500X10.png,20,1
10,11500X10.png,21,1
11,11500X100.png,1,1
11,11500X100.png,2,1
11,11500X100.png,3,1
11,11500X100.png,4,1
11,11500X100.png,5,1
11,11500X100.png,6,1
11,11500X100.png,7,1
11,11500X100.png,8,1
11,11500X100.png,9,1
11,11500X100.png,10,1
11,11500X100.png,11,1
11,11500X100.png,12,1
11,11500X100.png,13,1
11,11500X100.png,17,1
12,11500X1000.png,1,1
12,11500X1000.png,2,1
12,11500X1000.png,3,1
12,11500X1000.png,4,1
12,11500X1000.png,5,1
12,11500X1000.png,6,1
12,11500X1000.png,7,1
12,11500X1000.png,8,1
12,11500X1000.png,9,1
12,11500X1000.png,10,1
12,11500X1000.png,11,1
12,11500X1000.png,12,1
12,11500X1000.png,13,1
12,11500X1000.png,14,1
12,11500X1000.png,15,1
12,11500X1000.png,16,1
12,11500X1000.png,17,1
12,11500X1000.png,18,1
13,11500X10000.png,1,0
13,11500X10000.png,2,1
13,11500X10000.png,4,1
13,11500X10000.png,5,1
13,11500X10000.png,6,1
13,11500X10000.png,7,1
13,11500X10000.png,8,0
13,11500X10000.png,9,1
13,11500X10000.png,10,1
13,11500X10000.png,11,1
13,11500X10000.png,12,1
13,11500X10000.png,13,1
13,11500X10000.png,14,1
13,11500X10000.png,15,1
13,11500X10000.png,16,1
13,11500X10000.png,17,1
13,11500X10000.png,18,1
13,11500X10000.png,19,1
13,11500X10000.png,20,1
13,11500X10000.png,21,1
13,11500X10000.png,22,1
13,11500X10000.png,23,1
13,11500X10000.png,24,1
13,11500X10000.png,25,0
13,11500X10000.png,26,1
13,11500X10000.png,27,1
13,11500X10000.png,28,1
13,11500X10000.png,29,1
13,11500X10000.png,30,0
13,11500X10000.png,31,1
13,11500X10000.png,32,1
13,11500X10000.png,33,0
13,11500X10000.png,34,1
13,11500X10000.png,35,1
13,11500X10000.png,36,0
13,11500X10000.png,37,1
13,11500X10000.png,38,1
13,11500X10000.png,39,1
13,11500X10000.png,40,1
13,11500X10000.png,41,1
13,11500X10000.png,42,1
13,11500X10000.png,43,1
13,11500X10000.png,44,1
13,11500X10000.png,45,1
13,11500X10000.png,46,1
13,11500X10000.png,47,1
13,11500X10000.png,48,1
13,11500X10000.png,49,1
13,11500X10000.png,50,1
13,11500X10000.png,51,1
13,11500X10000.png,52,1
13,11500X10000.png,53,1
13,11500X10000.png,54,1
13,11500X10000.png,55,1
13,11500X10000.png,56,1
13,11500X10000.png,57,1
13,11500X10000.png,58,1
13,11500X10000.png,59,1
13,11500X10000.png,60,1
13,11500X10000.png,61,1
13,11500X10000.png,62,0
13,11500X10000.png,63,1
13,11500X10000.png,64,1
13,11500X10000.png,65,1
13,11500X10000.png,66,0
13,11500X10000.png,67,1
13,11500X10000.png,68,1
13,11500X10000.png,69,1
13,11500X10000.png,70,1
13,11500X10000.png,71,1
13,11500X10000.png,72,0
13,11500X10000.png,73,1
13,11500X10000.png,74,0
13,11500X10000.png,75,1
13,11500X10000.png,76,0
13,11500X10000.png,77,0
13,11500X10000.png,78,1
13,11500X10000.png,79,1
13,11500X10000.png,80,1
13,11500X10000.png,81,1
13,11500X10000.png,82,1
13,11500X10000.png,83,0
13,11500X10000.png,84,1
13,11500X10000.png,85,1
13,11500X10000.png,86,1
13,11500X10000.png,87,1
13,11500X10000.png,88,1
13,11500X10000.png,89,1
13,11500X10000.png,90,0
13,11500X10000.png,91,1
13,11500X10000.png,92,1
13,11500X10000.png,93,0
13,11500X10000.png,94,1
13,11500X10000.png,95,1
13,11500X10000.png,96,1
13,11500X10000.png,97,1
13,11500X10000.png,98,1
13,11500X10000.png,99,1
13,11500X10000.png,100,1
13,11500X10000.png,101,1
13,11500X10000.png,102,1
13,11500X10000.png,103,1
13,11500X10000.png,104,1
13,11500X10000.png,105,1
13,11500X10000.png,106,0
13,11500X10000.png,107,1
13,11500X10000.png,108,1
13,11500X10000.png,109,1
13,11500X10000.png,110,1
13,11500X10000.png,111,1
13,11500X10000.png,112,1
13,11500X10000.png,113,0
13,11500X10000.png,114,0
13,11500X10000.png,115,1
13,11500X10000.png,116,1
13,11500X10000.png,117,0
13,11500X10000.png,118,1
13,11500X10000.png,119,1
13,11500X10000.png,120,1
13,11500X10000.png,121,1
13,11500X10000.png,122,1
13,11500X10000.png,123,1
13,11500X10000.png,124,1
13,11500X10000.png,125,1
13,11500X10000.png,126,1
13,11500X10000.png,127,1
13,11500X10000.png,128,1
13,11500X10000.png,129,0
13,11500X10000.png,130,1
13,11500X10000.png,131,1
13,11500X10000.png,132,0
13,11500X10000.png,133,1
13,11500X10000.png,134,1
13,11500X10000.png,135,1
13,11500X10000.png,136,0
13,11500X10000.png,137,0
13,11500X10000.png,138,1
13,11500X10000.png,139,1
13,11500X10000.png,140,1
13,11500X10000.png,141,1
13,11500X10000.png,142,1
13,11500X10000.png,143,0
13,11500X10000.png,144,1
13,11500X10000.png,145,0
13,11500X10000.png,146,1
13,11500X10000.png,147,1
13,11500X10000.png,148,1
13,11500X10000.png,149,1
13,11500X10000.png,150,0
13,11500X10000.png,151,1
13,11500X10000.png,152,1
13,11500X10000.png,153,1
13,11500X10000.png,154,1
13,11500X10000.png,155,1
13,11500X10000.png,156,0
13,11500X10000.png,157,1
13,11500X10000.png,158,1
13,11500X10000.png,159,0
13,11500X10000.png,160,0
13,11500X10000.png,161,0
13,11500X10000.png,162,0
13,11500X10000.png,163,1
13,11500X10000.png,164,1
13,11500X10000.png,165,1
13,11500X10000.png,166,1
13,11500X10000.png,167,1
13,11500X10000.png,168,0
13,11500X10000.png,169,1
13,11500X10000.png,170,1
13,11500X10000.png,171,1
13,11500X10000.png,172,1
13,11500X10000.png,173,1
13,11500X10000.png,174,0
13,11500X10000.png,175,1
13,11500X10000.png,176,1
13,11500X10000.png,177,1
13,11500X10000.png,178,1
13,11500X10000.png,179,1
14,11500X100000.png,1,1
14,11500X100000.png,2,1
14,11500X100000.png,3,1
14,11500X100000.png,4,1
14,11500X100000.png,5,0
14,11500X100000.png,6,1
14,11500X100000.png,7,1
14,11500X100000.png,8,0
14,11500X100000.png,9,1
14,11500X100000.png,10,1
14,11500X100000.png,11,0
14,11500X100000.png,12,1
14,11500X100000.png,13,1
14,11500X100000.png,14,1
14,11500X100000.png,15,1
14,11500X100000.png,16,1
14,11500X100000.png,17,1
14,11500X100000.png,18,1
14,11500X100000.png,19,0
14,11500X100000.png,20,1
14,11500X100000.png,21,1
14,11500X100000.png,22,1
14,11500X100000.png,23,1
14,11500X100000.png,24,1
14,11500X100000.png,25,1
14,11500X100000.png,26,1
14,11500X100000.png,27,1
14,11500X100000.png,28,0
14,11500X100000.png,29,1
14,11500X100000.png,30,0
14,11500X100000.png,31,0
14,11500X100000.png,32,0
14,11500X100000.png,33,1
14,11500X100000.png,34,0
14,11500X100000.png,35,1
14,11500X100000.png,36,0
14,11500X100000.png,37,1
14,11500X100000.png,38,1
14,11500X100000.png,39,1
14,11500X100000.png,40,1
14,11500X100000.png,41,1
14,11500X100000.png,42,1
14,11500X100000.png,43,1
14,11500X100000.png,44,1
14,11500X100000.png,45,1
14,11500X100000.png,46,1
14,11500X100000.png,47,1
14,11500X100000.png,48,1
14,11500X100000.png,49,1
14,11500X100000.png,50,1
14,11500X100000.png,51,1
14,11500X100000.png,52,1
14,11500X100000.png,53,0
14,11500X100000.png,54,1
14,11500X100000.png,55,1
14,11500X100000.png,56,1
14,11500X100000.png,57,1
14,11500X100000.png,58,1
14,11500X100000.png,59,1
14,11500X100000.png,60,1
14,11500X100000.png,61,1
14,11500X100000.png,62,1
14,11500X100000.png,63,1
14,11500X100000.png,64,1
14,11500X100000.png,65,0
14,11500X100000.png,66,1
14,11500X100000.png,67,1
14,11500X100000.png,68,1
14,11500X100000.png,69,1
14,11500X100000.png,70,1
14,11500X100000.png,71,1
14,11500X100000.png,72,1
14,11500X100000.png,73,1
14,11500X100000.png,74,1
14,11500X100000.png,75,0
14,11500X100000.png,76,1
14,11500X100000.png,77,1
14,11500X100000.png,78,1
14,11500X100000.png,79,1
14,11500X100000.png,80,1
14,11500X100000.png,81,1
14,11500X100000.png,82,1
14,11500X100000.png,83,1
14,11500X100000.png,84,1
14,11500X100000.png,85,1
14,11500X100000.png,86,1
14,11500X100000.png,87,1
15,11500X100001.png,1,1
15,11500X100001.png,2,1
15,11500X100001.png,3,1
15,11500X100001.png,4,1
15,11500X100001.png,5,0
15,11500X100001.png,6,1
15,11500X100001.png,7,1
15,11500X100001.png,8,0
15,11500X100001.png,9,1
15,11500X100001.png,10,1
15,11500X100001.png,11,0
15,11500X100001.png,12,1
15,11500X100001.png,13,1
15,11500X100001.png,14,1
15,11500X100001.png,15,1
15,11500X100001.png,16,1
15,11500X100001.png,17,1
15,11500X100001.png,18,1
15,11500X100001.png,19,0
15,11500X100001.png,20,1
15,11500X100001.png,21,1
15,11500X100001.png,22,1
15,11500X100001.png,23,1
15,11500X100001.png,24,1
15,11500X100001.png,25,1
15,11500X100001.png,26,1
15,11500X100001.png,27,1
15,11500X100001.png,28,0
15,11500X100001.png,29,1
15,11500X100001.png,30,0
15,11500X100001.png,31,0
15,11500X100001.png,32,0
15,11500X100001.png,33,1
15,11500X100001.png,34,0
15,11500X100001.png,35,1
15,11500X100001.png,36,0
15,11500X100001.png,37,1
15,11500X100001.png,38,1
15,11500X100001.png,39,1
15,11500X100001.png,40,1
15,11500X100001.png,41,1
15,11500X100001.png,42,1
15,11500X100001.png,43,1
15,11500X100001.png,44,1
15,11500X100001.png,45,1
15,11500X100001.png,46,1
15,11500X100001.png,47,1
15,11500X100001.png,48,1
15,11500X100001.png,49,1
15,11500X100001.png,50,1
15,11500X100001.png,51,1
15,11500X100001.png,52,1
15,11500X100001.png,53,0
15,11500X100001.png,54,1
15,11500X100001.png,55,1
15,11500X100001.png,56,1
15,11500X100001.png,57,1
15,11500X100001.png,58,1
15,11500X100001.png,59,1
15,11500X100001.png,60,1
15,11500X100001.png,61,1
15,11500X100001.png,62,1
15,11500X100001.png,63,1
15,11500X100001.png,64,1
15,11500X100001.png,65,0
15,11500X100001.png,66,1
15,11500X100001.png,67,1
15,11500X100001.png,68,1
15,11500X100001.png,69,1
15,11500X100001.png,70,1
15,11500X100001.png,71,1
15,11500X100001.png,72,1
15,11500X100001.png,73,1
15,11500X100001.png,74,1
15,11500X100001.png,75,0
15,11500X100001.png,76,1
15,11500X100001.png,77,1
15,11500X100001.png,78,1
15,11500X100001.png,79,1
15,11500X100001.png,80,1
15,11500X100001.png,81,1
15,11500X100001.png,82,1
15,11500X100001.png,83,1
15,11500X100001.png,84,1
15,11500X100001.png,85,1
15,11500X100001.png,86,1
15,11500X100001.png,87,1
16,11500X100002.png,1,1
16,11500X100002.png,2,1
16,11500X100002.png,3,1
16,11500X100002.png,4,0
16,11500X100002.png,5,1
16,11500X100002.png,6,1
16,11500X100002.png,7,1
16,11500X100002.png,8,1
16,11500X100002.png,9,1
16,11500X100002.png,10,1
16,11500X100002.png,11,1
16,11500X100002.png,12,1
16,11500X100002.png,13,1
16,11500X100002.png,14,1
16,11500X100002.png,15,0
16,11500X100002.png,16,1
16,11500X100002.png,17,1
16,11500X100002.png,18,1
16,11500X100002.png,19,1
16,11500X100002.png,20,1
16,11500X100002.png,21,1
16,11500X100002.png,22,1
16,11500X100002.png,23,1
16,11500X100002.png,24,1
16,11500X100002.png,25,1
16,11500X100002.png,26,1
16,11500X100002.png,27,1
16,11500X100002.png,28,1
16,11500X100002.png,30,1
16,11500X100002.png,32,1
17,11500X100003.png,1,1
17,11500X100003.png,2,1
17,11500X100003.png,3,1
17,11500X100003.png,4,0
17,11500X100003.png,5,1
17,11500X100003.png,6,1
17,11500X100003.png,7,1
17,11500X100003.png,8,1
17,11500X100003.png,9,1
17,11500X100003.png,10,1
17,11500X100003.png,11,1
17,11500X100003.png,12,1
17,11500X100003.png,13,1
17,11500X100003.png,14,1
17,11500X100003.png,15,0
17,11500X100003.png,16,1
17,11500X100003.png,17,1
17,11500X100003.png,18,1
17,11500X100003.png,19,1
17,11500X100003.png,20,1
17,11500X100003.png,21,1
17,11500X100003.png,22,1
17,11500X100003.png,23,1
17,11500X100003.png,24,1
17,11500X100003.png,25,1
17,11500X100003.png,26,1
17,11500X100003.png,27,1
17,11500X100003.png,28,1
17,11500X100003.png,30,1
17,11500X100003.png,32,1
18,11500X100004.png,2,1
18,11500X100004.png,3,0
18,11500X100004.png,4,1
18,11500X100004.png,5,1
18,11500X100004.png,6,1
18,11500X100004.png,7,1
18,11500X100004.png,8,1
18,11500X100004.png,9,1
18,11500X100004.png,10,0
18,11500X100004.png,11,1
18,11500X100004.png,12,1
18,11500X100004.png,13,1
18,11500X100004.png,14,0
18,11500X100004.png,15,1
18,11500X100004.png,16,0
18,11500X100004.png,17,1
18,11500X100004.png,18,1
18,11500X100004.png,19,1
18,11500X100004.png,20,1
18,11500X100004.png,21,1
18,11500X100004.png,22,1
18,11500X100004.png,23,1
18,11500X100004.png,24,0
18,11500X100004.png,25,1
18,11500X100004.png,26,1
18,11500X100004.png,27,1
18,11500X100004.png,28,1
18,11500X100004.png,29,1
18,11500X100004.png,30,1
18,11500X100004.png,31,1
18,11500X100004.png,32,1
18,11500X100004.png,33,0
18,11500X100004.png,34,1
18,11500X100004.png,35,1
18,11500X100004.png,36,1
18,11500X100004.png,37,1
18,11500X100004.png,38,1
18,11500X100004.png,39,1
18,11500X100004.png,40,0
18,11500X100004.png,41,1
18,11500X100004.png,42,1
18,11500X100004.png,43,1
18,11500X100004.png,44,1
18,11500X100004.png,45,1
18,11500X100004.png,46,1
18,11500X100004.png,47,1
18,11500X100004.png,48,1
18,11500X100004.png,49,1
18,11500X100004.png,50,1
18,11500X100004.png,51,1
18,11500X100004.png,52,1
18,11500X100004.png,53,1
18,11500X100004.png,54,1
18,11500X100004.png,55,1
18,11500X100004.png,56,1
18,11500X100004.png,57,1
18,11500X100004.png,58,1
18,11500X100004.png,59,1
18,11500X100004.png,60,1
18,11500X100004.png,61,1
18,11500X100004.png,62,1
18,11500X100004.png,63,1
18,11500X100004.png,64,1
18,11500X100004.png,65,1
18,11500X100004.png,66,1
18,11500X100004.png,67,0
18,11500X100004.png,68,1
18,11500X100004.png,69,1
18,11500X100004.png,70,1
18,11500X100004.png,71,1
18,11500X100004.png,72,1
18,11500X100004.png,73,1
18,11500X100004.png,74,0
18,11500X100004.png,75,1
18,11500X100004.png,76,1
18,11500X100004.png,77,1
18,11500X100004.png,78,0
18,11500X100004.png,79,1
18,11500X100004.png,80,1
18,11500X100004.png,81,1
18,11500X100004.png,82,1
18,11500X100004.png,83,1
18,11500X100004.png,84,0
18,11500X100004.png,85,1
18,11500X100004.png,86,1
18,11500X100004.png,87,1
18,11500X100004.png,88,0
18,11500X100004.png,89,1
18,11500X100004.png,90,0
18,11500X100004.png,91,1
18,11500X100004.png,92,1
18,11500X100004.png,93,1
18,11500X100004.png,94,1
18,11500X100004.png,95,1
19,11500X100005.png,2,1
19,11500X100005.png,3,0
19,11500X100005.png,4,1
19,11500X100005.png,5,1
19,11500X100005.png,6,1
19,11500X100005.png,7,1
19,11500X100005.png,8,1
19,11500X100005.png,9,1
19,11500X100005.png,10,0
19,11500X100005.png,11,1
19,11500X100005.png,12,1
19,11500X100005.png,13,1
19,11500X100005.png,14,0
19,11500X100005.png,15,1
19,11500X100005.png,16,0
19,11500X100005.png,17,1
19,11500X100005.png,18,1
19,11500X100005.png,19,1
19,11500X100005.png,20,1
19,11500X100005.png,21,1
19,11500X100005.png,22,1
19,11500X100005.png,23,1
19,11500X100005.png,24,0
19,11500X100005.png,25,1
19,11500X100005.png,26,1
19,11500X100005.png,27,1
19,11500X100005.png,28,1
19,11500X100005.png,29,1
19,11500X100005.png,30,1
19,11500X100005.png,31,1
19,11500X100005.png,32,1
19,11500X100005.png,33,0
19,11500X100005.png,34,1
19,11500X100005.png,35,1
19,11500X100005.png,36,1
19,11500X100005.png,37,1
19,11500X100005.png,38,1
19,11500X100005.png,39,1
19,11500X100005.png,40,0
19,11500X100005.png,41,1
19,11500X100005.png,42,1
19,11500X100005.png,43,1
19,11500X100005.png,44,1
19,11500X100005.png,45,1
19,11500X100005.png,46,1
19,11500X100005.png,47,1
19,11500X100005.png,48,1
19,11500X100005.png,49,1
19,11500X100005.png,50,1
19,11500X100005.png,51,1
19,11500X100005.png,52,1
19,11500X100005.png,53,1
19,11500X100005.png,54,1
19,11500X100005.png,55,1
19,11500X100005.png,56,1
19,11500X100005.png,57,1
19,11500X100005.png,58,1
19,11500X100005.png,59,1
19,11500X100005.png,60,1
19,11500X100005.png,61,1
19,11500X100005.png,62,1
19,11500X100005.png,63,1
19,11500X100005.png,64,1
19,11500X100005.png,65,1
19,11500X100005.png,66,1
19,11500X100005.png,67,0
19,11500X100005.png,68,1
19,11500X100005.png,69,1
19,11500X100005.png,70,1
19,11500X100005.png,71,1
19,11500X100005.png,72,1
19,11500X100005.png,73,1
19,11500X100005.png,74,0
19,11500X100005.png,75,1
19,11500X100005.png,76,1
19,11500X100005.png,77,1
19,11500X100005.png,78,0
19,11500X100005.png,79,1
19,11500X100005.png,80,1
19,11500X100005.png,81,1
19,11500X100005.png,82,1
19,11500X100005.png,83,1
19,11500X100005.png,84,0
19,11500X100005.png,85,1
19,11500X100005.png,86,1
19,11500X100005.png,87,1
19,11500X100005.png,88,0
19,11500X100005.png,89,1
19,11500X100005.png,90,0
19,11500X100005.png,91,1
19,11500X100005.png,92,1
19,11500X100005.png,93,1
19,11500X100005.png,94,1
19,11500X100005.png,95,1
20,11500X100006.png,1,1
20,11500X100006.png,2,0
20,11500X100006.png,3,1
20,11500X100006.png,4,0
20,11500X100006.png,5,1
20,11500X100006.png,6,1
20,11500X100006.png,7,1
20,11500X100006.png,8,1
20,11500X100006.png,9,1
20,11500X100006.png,10,0
20,11500X100006.png,11,1
20,11500X100006.png,12,1
20,11500X100006.png,13,1
20,11500X100006.png,14,0
20,11500X100006.png,15,0
20,11500X100006.png,16,0
20,11500X100006.png,17,1
20,11500X100006.png,18,1
20,11500X100006.png,19,1
20,11500X100006.png,20,1
20,11500X100006.png,21,1
20,11500X100006.png,22,0
20,11500X100006.png,23,1
20,11500X100006.png,24,1
20,11500X100006.png,25,1
20,11500X100006.png,26,1
20,11500X100006.png,27,1
20,11500X100006.png,28,1
20,11500X100006.png,29,1
20,11500X100006.png,30,1
20,11500X100006.png,31,1
20,11500X100006.png,32,1
20,11500X100006.png,33,1
20,11500X100006.png,34,1
20,11500X100006.png,35,1
20,11500X100006.png,36,1
20,11500X100006.png,37,1
20,11500X100006.png,38,1
20,11500X100006.png,39,1
20,11500X100006.png,40,1
20,11500X100006.png,41,1
20,11500X100006.png,42,1
20,11500X100006.png,43,1
20,11500X100006.png,44,0
20,11500X100006.png,45,1
20,11500X100006.png,46,1
20,11500X100006.png,47,1
20,11500X100006.png,48,1
20,11500X100006.png,49,1
20,11500X100006.png,50,1
20,11500X100006.png,51,1
20,11500X100006.png,52,1
20,11500X100006.png,53,1
20,11500X100006.png,54,0
20,11500X100006.png,55,1
20,11500X100006.png,56,1
20,11500X100006.png,57,1
20,11500X100006.png,58,1
20,11500X100006.png,59,1
20,11500X100006.png,60,1
20,11500X100006.png,61,1
20,11500X100006.png,62,1
20,11500X100006.png,63,1
20,11500X100006.png,64,1
20,11500X100006.png,65,1
20,11500X100006.png,66,1
20,11500X100006.png,67,1
20,11500X100006.png,68,1
20,11500X100006.png,69,1
20,11500X100006.png,70,1
20,11500X100006.png,71,1
20,11500X100006.png,72,1
20,11500X100006.png,73,1
20,11500X100006.png,74,1
21,11500X100007.png,1,1
21,11500X100007.png,2,0
21,11500X100007.png,3,1
21,11500X100007.png,4,0
21,11500X100007.png,5,1
21,11500X100007.png,6,1
21,11500X100007.png,7,1
21,11500X100007.png,8,1
21,11500X100007.png,9,1
21,11500X100007.png,10,0
21,11500X100007.png,11,1
21,11500X100007.png,12,1
21,11500X100007.png,13,1
21,11500X100007.png,14,0
21,11500X100007.png,15,0
21,11500X100007.png,16,0
21,11500X100007.png,17,1
21,11500X100007.png,18,1
21,11500X100007.png,19,1
21,11500X100007.png,20,1
21,11500X100007.png,21,1
21,11500X100007.png,22,0
21,11500X100007.png,23,1
21,11500X100007.png,24,1
21,11500X100007.png,25,1
21,11500X100007.png,26,1
21,11500X100007.png,27,1
21,11500X100007.png,28,1
21,11500X100007.png,29,1
21,11500X100007.png,30,1
21,11500X100007.png,31,1
21,11500X100007.png,32,1
21,11500X100007.png,33,1
21,11500X100007.png,34,1
21,11500X100007.png,35,1
21,11500X100007.png,36,1
21,11500X100007.png,37,1
21,11500X100007.png,38,1
21,11500X100007.png,39,1
21,11500X100007.png,40,1
21,11500X100007.png,41,1
21,11500X100007.png,42,1
21,11500X100007.png,43,1
21,11500X100007.png,44,0
21,11500X100007.png,45,1
21,11500X100007.png,46,1
21,11500X100007.png,47,1
21,11500X100007.png,48,1
21,11500X100007.png,49,1
21,11500X100007.png,50,1
21,11500X100007.png,51,1
21,11500X100007.png,52,1
21,11500X100007.png,53,1
21,11500X100007.png,54,0
21,11500X100007.png,55,1
21,11500X100007.png,56,1
21,11500X100007.png,57,1
21,11500X100007.png,58,1
21,11500X100007.png,59,1
21,11500X100007.png,60,1
21,11500X100007.png,61,1
21,11500X100007.png,62,1
21,11500X100007.png,63,1
21,11500X100007.png,64,1
21,11500X100007.png,65,1
21,11500X100007.png,66,1
21,11500X100007.png,67,1
21,11500X100007.png,68,1
21,11500X100007.png,69,1
21,11500X100007.png,70,1
21,11500X100007.png,71,1
21,11500X100007.png,72,1
21,11500X100007.png,73,1
21,11500X100007.png,74,1
22,11500X100008.png,1,1
22,11500X100008.png,2,0
22,11500X100008.png,3,1
22,11500X100008.png,5,1
22,11500X100008.png,6,1
22,11500X100008.png,7,1
22,11500X100008.png,8,1
22,11500X100008.png,9,1
22,11500X100008.png,10,1
22,11500X100008.png,11,1
22,11500X100008.png,12,1
22,11500X100008.png,13,1
22,11500X100008.png,14,1
22,11500X100008.png,15,1
22,11500X100008.png,16,1
22,11500X100008.png,17,1
22,11500X100008.png,18,1
22,11500X100008.png,19,1
22,11500X100008.png,20,1
22,11500X100008.png,21,1
22,11500X100008.png,22,1
22,11500X100008.png,23,1
22,11500X100008.png,24,1
22,11500X100008.png,25,1
22,11500X100008.png,26,1
22,11500X100008.png,27,1
22,11500X100008.png,28,1
22,11500X100008.png,29,1
22,11500X100008.png,30,0
22,11500X100008.png,31,1
22,11500X100008.png,32,1
22,11500X100008.png,33,1
22,11500X100008.png,34,1
22,11500X100008.png,35,1
22,11500X100008.png,36,1
22,11500X100008.png,37,1
22,11500X100008.png,38,1
22,11500X100008.png,39,1
22,11500X100008.png,40,1
22,11500X100008.png,41,1
22,11500X100008.png,42,1
22,11500X100008.png,43,0
22,11500X100008.png,44,1
22,11500X100008.png,45,1
22,11500X100008.png,46,1
22,11500X100008.png,47,1
22,11500X100008.png,48,1
22,11500X100008.png,49,1
22,11500X100008.png,50,1
22,11500X100008.png,51,1
22,11500X100008.png,52,1
22,11500X100008.png,53,1
22,11500X100008.png,54,0
22,11500X100008.png,55,1
22,11500X100008.png,56,1
22,11500X100008.png,57,1
22,11500X100008.png,58,1
22,11500X100008.png,59,1
22,11500X100008.png,60,1
22,11500X100008.png,61,1
22,11500X100008.png,62,1
22,11500X100008.png,63,0
22,11500X100008.png,64,1
22,11500X100008.png,65,1
22,11500X100008.png,66,1
22,11500X100008.png,67,1
22,11500X100008.png,68,1
22,11500X100008.png,69,1
22,11500X100008.png,70,1
22,11500X100008.png,71,1
22,11500X100008.png,72,1
22,11500X100008.png,73,1
22,11500X100008.png,74,1
22,11500X100008.png,75,1
22,11500X100008.png,76,1
22,11500X100008.png,77,1
22,11500X100008.png,78,1
22,11500X100008.png,79,1
22,11500X100008.png,80,1
22,11500X100008.png,81,0
22,11500X100008.png,82,1
22,11500X100008.png,83,1
22,11500X100008.png,84,1
23,11500X100009.png,1,1
23,11500X100009.png,2,0
23,11500X100009.png,3,1
23,11500X100009.png,5,1
23,11500X100009.png,6,1
23,11500X100009.png,7,1
23,11500X100009.png,8,1
23,11500X100009.png,9,1
23,11500X100009.png,10,1
23,11500X100009.png,11,1
23,11500X100009.png,12,1
23,11500X100009.png,13,1
23,11500X100009.png,14,1
23,11500X100009.png,15,1
23,11500X100009.png,16,1
23,11500X100009.png,17,1
23,11500X100009.png,18,1
23,11500X100009.png,19,1
23,11500X100009.png,20,1
23,11500X100009.png,21,1
23,11500X100009.png,22,1
23,11500X100009.png,23,1
23,11500X100009.png,24,1
23,11500X100009.png,25,1
23,11500X100009.png,26,1
23,11500X100009.png,27,1
23,11500X100009.png,28,1
23,11500X100009.png,29,1
23,11500X100009.png,30,0
23,11500X100009.png,31,1
23,11500X100009.png,32,1
23,11500X100009.png,33,1
23,11500X100009.png,34,1
23,11500X100009.png,35,1
23,11500X100009.png,36,1
23,11500X100009.png,37,1
23,11500X100009.png,38,1
23,11500X100009.png,39,1
23,11500X100009.png,40,1
23,11500X100009.png,41,1
23,11500X100009.png,42,1
23,11500X100009.png,43,0
23,11500X100009.png,44,1
23,11500X100009.png,45,1
23,11500X100009.png,46,1
23,11500X100009.png,47,1
23,11500X100009.png,48,1
23,11500X100009.png,49,1
23,11500X100009.png,50,1
23,11500X100009.png,51,1
23,11500X100009.png,52,1
23,11500X100009.png,53,1
23,11500X100009.png,54,0
23,11500X100009.png,55,1
23,11500X100009.png,56,1
23,11500X100009.png,57,1
23,11500X100009.png,58,1
23,11500X100009.png,59,1
23,11500X100009.png,60,1
23,11500X100009.png,61,1
23,11500X100009.png,62,1
23,11500X100009.png,63,0
23,11500X100009.png,64,1
23,11500X100009.png,65,1
23,11500X100009.png,66,1
23,11500X100009.png,67,1
23,11500X100009.png,68,1
23,11500X100009.png,69,1
23,11500X100009.png,70,1
23,11500X100009.png,71,1
23,11500X100009.png,72,1
23,11500X100009.png,73,1
23,11500X100009.png,74,1
23,11500X100009.png,75,1
23,11500X100009.png,76,1
23,11500X100009.png,77,1
23,11500X100009.png,78,1
23,11500X100009.png,79,1
23,11500X100009.png,80,1
23,11500X100009.png,81,0
23,11500X100009.png,82,1
23,11500X100009.png,83,1
23,11500X100009.png,84,1
24,11500X10001.png,1,0
24,11500X10001.png,2,1
24,11500X10001.png,4,1
24,11500X10001.png,5,1
24,11500X10001.png,6,1
24,11500X10001.png,7,1
24,11500X10001.png,8,0
24,11500X10001.png,9,1
24,11500X10001.png,10,1
24,11500X10001.png,11,1
24,11500X10001.png,12,1
24,11500X10001.png,13,1
24,11500X10001.png,14,1
24,11500X10001.png,15,1
24,11500X10001.png,16,1
24,11500X10001.png,17,1
24,11500X10001.png,18,1
24,11500X10001.png,19,1
24,11500X10001.png,20,1
24,11500X10001.png,21,1
24,11500X10001.png,22,1
24,11500X10001.png,23,1
24,11500X10001.png,24,1
24,11500X10001.png,25,0
24,11500X10001.png,26,1
24,11500X10001.png,27,1
24,11500X10001.png,28,1
24,11500X10001.png,29,1
24,11500X10001.png,30,0
24,11500X10001.png,31,1
24,11500X10001.png,32,1
24,11500X10001.png,33,0
24,11500X10001.png,34,1
24,11500X10001.png,35,1
24,11500X10001.png,36,0
24,11500X10001.png,37,1
24,11500X10001.png,38,1
24,11500X10001.png,39,1
24,11500X10001.png,40,1
24,11500X10001.png,41,1
24,11500X10001.png,42,1
24,11500X10001.png,43,1
24,11500X10001.png,44,1
24,11500X10001.png,45,1
24,11500X10001.png,46,1
24,11500X10001.png,47,1
24,11500X10001.png,48,1
24,11500X10001.png,49,1
24,11500X10001.png,50,1
24,11500X10001.png,51,1
24,11500X10001.png,52,1
24,11500X10001.png,53,1
24,11500X10001.png,54,1
24,11500X10001.png,55,1
24,11500X10001.png,56,1
24,11500X10001.png,57,1
24,11500X10001.png,58,1
24,11500X10001.png,59,1
24,11500X10001.png,60,1
24,11500X10001.png,61,1
24,11500X10001.png,62,0
24,11500X10001.png,63,1
24,11500X10001.png,64,1
24,11500X10001.png,65,1
24,11500X10001.png,66,0
24,11500X10001.png,67,1
24,11500X10001.png,68,1
24,11500X10001.png,69,1
24,11500X10001.png,70,1
24,11500X10001.png,71,1
24,11500X10001.png,72,0
24,11500X10001.png,73,1
24,11500X10001.png,74,0
24,11500X10001.png,75,1
24,11500X10001.png,76,0
24,11500X10001.png,77,0
24,11500X10001.png,78,1
24,11500X10001.png,79,1
24,11500X10001.png,80,1
24,11500X10001.png,81,1
24,11500X10001.png,82,1
24,11500X10001.png,83,0
24,11500X10001.png,84,1
24,11500X10001.png,85,1
24,11500X10001.png,86,1
24,11500X10001.png,87,1
24,11500X10001.png,88,1
24,11500X10001.png,89,1
24,11500X10001.png,90,0
24,11500X10001.png,91,1
24,11500X10001.png,92,1
24,11500X10001.png,93,0
24,11500X10001.png,94,1
24,11500X10001.png,95,1
24,11500X10001.png,96,1
24,11500X10001.png,97,1
24,11500X10001.png,98,1
24,11500X10001.png,99,1
24,11500X10001.png,100,1
24,11500X10001.png,101,1
24,11500X10001.png,102,1
24,11500X10001.png,103,1
24,11500X10001.png,104,1
24,11500X10001.png,105,1
24,11500X10001.png,106,0
24,11500X10001.png,107,1
24,11500X10001.png,108,1
24,11500X10001.png,109,1
24,11500X10001.png,110,1
24,11500X10001.png,111,1
24,11500X10001.png,112,1
24,11500X10001.png,113,0
24,11500X10001.png,114,0
24,11500X10001.png,115,1
24,11500X10001.png,116,1
24,11500X10001.png,117,0
24,11500X10001.png,118,1
24,11500X10001.png,119,1
24,11500X10001.png,120,1
24,11500X10001.png,121,1
24,11500X10001.png,122,1
24,11500X10001.png,123,1
24,11500X10001.png,124,1
24,11500X10001.png,125,1
24,11500X10001.png,126,1
24,11500X10001.png,127,1
24,11500X10001.png,128,1
24,11500X10001.png,129,0
24,11500X10001.png,130,1
24,11500X10001.png,131,1
24,11500X10001.png,132,0
24,11500X10001.png,133,1
24,11500X10001.png,134,1
24,11500X10001.png,135,1
24,11500X10001.png,136,0
24,11500X10001.png,137,0
24,11500X10001.png,138,1
24,11500X10001.png,139,1
24,11500X10001.png,140,1
24,11500X10001.png,141,1
24,11500X10001.png,142,1
24,11500X10001.png,143,0
24,11500X10001.png,144,1
24,11500X10001.png,145,0
24,11500X10001.png,146,1
24,11500X10001.png,147,1
24,11500X10001.png,148,1
24,11500X10001.png,149,1
24,11500X10001.png,150,0
24,11500X10001.png,151,1
24,11500X10001.png,152,1
24,11500X10001.png,153,1
24,11500X10001.png,154,1
24,11500X10001.png,155,1
24,11500X10001.png,156,0
24,11500X10001.png,157,1
24,11500X10001.png,158,1
24,11500X10001.png,159,0
24,11500X10001.png,160,0
24,11500X10001.png,161,0
24,11500X10001.png,162,0
24,11500X10001.png,163,1
24,11500X10001.png,164,1
24,11500X10001.png,165,1
24,11500X10001.png,166,1
24,11500X10001.png,167,1
24,11500X10001.png,168,0
24,11500X10001.png,169,1
24,11500X10001.png,170,1
24,11500X10001.png,171,1
24,11500X10001.png,172,1
24,11500X10001.png,173,1
24,11500X10001.png,174,0
24,11500X10001.png,175,1
24,11500X10001.png,176,1
24,11500X10001.png,177,1
24,11500X10001.png,178,1
24,11500X10001.png,179,1
25,11500X100010.png,1,1
25,11500X100010.png,2,0
25,11500X100010.png,3,1
25,11500X100010.png,4,1
25,11500X100010.png,5,1
25,11500X100010.png,6,1
25,11500X100010.png,7,1
25,11500X100010.png,8,1
25,11500X100010.png,9,0
25,11500X100010.png,10,1
25,11500X100010.png,11,1
25,11500X100010.png,12,1
25,11500X100010.png,13,1
25,11500X100010.png,14,1
25,11500X100010.png,15,1
25,11500X100010.png,16,1
25,11500X100010.png,17,1
25,11500X100010.png,18,1
25,11500X100010.png,19,1
25,11500X100010.png,20,1
25,11500X100010.png,21,1
25,11500X100010.png,22,1
25,11500X100010.png,23,1
25,11500X100010.png,24,1
25,11500X100010.png,25,1
25,11500X100010.png,26,1
25,11500X100010.png,27,1
25,11500X100010.png,28,1
25,11500X100010.png,29,1
25,11500X100010.png,30,1
25,11500X100010.png,31,1
25,11500X100010.png,32,1
25,11500X100010.png,33,1
25,11500X100010.png,34,1
25,11500X100010.png,35,1
25,11500X100010.png,36,0
25,11500X100010.png,37,1
25,11500X100010.png,38,0
25,11500X100010.png,39,1
25,11500X100010.png,40,1
25,11500X100010.png,41,1
25,11500X100010.png,42,1
25,11500X100010.png,43,0
25,11500X100010.png,44,1
25,11500X100010.png,45,1
25,11500X100010.png,46,1
25,11500X100010.png,47,1
25,11500X100010.png,48,1
25,11500X100010.png,49,1
25,11500X100010.png,50,1
25,11500X100010.png,51,1
25,11500X100010.png,52,1
25,11500X100010.png,53,1
25,11500X100010.png,54,0
25,11500X100010.png,55,0
25,11500X100010.png,56,0
25,11500X100010.png,57,1
25,11500X100010.png,58,1
25,11500X100010.png,59,1
25,11500X100010.png,60,1
25,11500X100010.png,61,1
25,11500X100010.png,62,1
25,11500X100010.png,63,0
25,11500X100010.png,64,1
25,11500X100010.png,65,0
25,11500X100010.png,66,1
25,11500X100010.png,67,1
25,11500X100010.png,68,1
25,11500X100010.png,69,1
25,11500X100010.png,70,1
25,11500X100010.png,71,1
25,11500X100010.png,72,1
25,11500X100010.png,73,1
25,11500X100010.png,74,1
25,11500X100010.png,75,1
25,11500X100010.png,76,1
25,11500X100010.png,77,0
25,11500X100010.png,78,1
25,11500X100010.png,79,1
25,11500X100010.png,80,1
25,11500X100010.png,81,1
25,11500X100010.png,82,1
25,11500X100010.png,83,1
25,11500X100010.png,84,1
25,11500X100010.png,85,1
25,11500X100010.png,86,1
25,11500X100010.png,87,1
25,11500X100010.png,88,1
25,11500X100010.png,89,1
25,11500X100010.png,90,1
25,11500X100010.png,91,1
25,11500X100010.png,92,1
25,11500X100010.png,93,1
25,11500X100010.png,94,1
25,11500X100010.png,95,1
25,11500X100010.png,96,1
25,11500X100010.png,97,1
25,11500X100010.png,98,1
25,11500X100010.png,99,1
25,11500X100010.png,100,1
25,11500X100010.png,101,1
25,11500X100010.png,102,1
25,11500X100010.png,103,1
25,11500X100010.png,104,1
25,11500X100010.png,105,1
25,11500X100010.png,106,1
25,11500X100010.png,107,1
25,11500X100010.png,108,1
25,11500X100010.png,109,1
25,11500X100010.png,110,1
25,11500X100010.png,111,0
25,11500X100010.png,112,1
25,11500X100010.png,113,1
25,11500X100010.png,114,1
25,11500X100010.png,115,1
26,11500X100011.png,1,1
26,11500X100011.png,2,0
26,11500X100011.png,3,1
26,11500X100011.png,4,1
26,11500X100011.png,5,1
26,11500X100011.png,6,1
26,11500X100011.png,7,1
26,11500X100011.png,8,1
26,11500X100011.png,9,0
26,11500X100011.png,10,1
26,11500X100011.png,11,1
26,11500X100011.png,12,1
26,11500X100011.png,13,1
26,11500X100011.png,14,1
26,11500X100011.png,15,1
26,11500X100011.png,16,1
26,11500X100011.png,17,1
26,11500X100011.png,18,1
26,11500X100011.png,19,1
26,11500X100011.png,20,1
26,11500X100011.png,21,1
26,11500X100011.png,22,1
26,11500X100011.png,23,1
26,11500X100011.png,24,1
26,11500X100011.png,25,1
26,11500X100011.png,26,1
26,11500X100011.png,27,1
26,11500X100011.png,28,1
26,11500X100011.png,29,1
26,11500X100011.png,30,1
26,11500X100011.png,31,1
26,11500X100011.png,32,1
26,11500X100011.png,33,1
26,11500X100011.png,34,1
26,11500X100011.png,35,1
26,11500X100011.png,36,0
26,11500X100011.png,37,1
26,11500X100011.png,38,0
26,11500X100011.png,39,1
26,11500X100011.png,40,1
26,11500X100011.png,41,1
26,11500X100011.png,42,1
26,11500X100011.png,43,0
26,11500X100011.png,44,1
26,11500X100011.png,45,1
26,11500X100011.png,46,1
26,11500X100011.png,47,1
26,11500X100011.png,48,1
26,11500X100011.png,49,1
26,11500X100011.png,50,1
26,11500X100011.png,51,1
26,11500X100011.png,52,1
26,11500X100011.png,53,1
26,11500X100011.png,54,0
26,11500X100011.png,55,0
26,11500X100011.png,56,0
26,11500X100011.png,57,1
26,11500X100011.png,58,1
26,11500X100011.png,59,1
26,11500X100011.png,60,1
26,11500X100011.png,61,1
26,11500X100011.png,62,1
26,11500X100011.png,63,0
26,11500X100011.png,64,1
26,11500X100011.png,65,0
26,11500X100011.png,66,1
26,11500X100011.png,67,1
26,11500X100011.png,68,1
26,11500X100011.png,69,1
26,11500X100011.png,70,1
26,11500X100011.png,71,1
26,11500X100011.png,72,1
26,11500X100011.png,73,1
26,11500X100011.png,74,1
26,11500X100011.png,75,1
26,11500X100011.png,76,1
26,11500X100011.png,77,0
26,11500X100011.png,78,1
26,11500X100011.png,79,1
26,11500X100011.png,80,1
26,11500X100011.png,81,1
26,11500X100011.png,82,1
26,11500X100011.png,83,1
26,11500X100011.png,84,1
26,11500X100011.png,85,1
26,11500X100011.png,86,1
26,11500X100011.png,87,1
26,11500X100011.png,88,1
26,11500X100011.png,89,1
26,11500X100011.png,90,1
26,11500X100011.png,91,1
26,11500X100011.png,92,1
26,11500X100011.png,93,1
26,11500X100011.png,94,1
26,11500X100011.png,95,1
26,11500X100011.png,96,1
26,11500X100011.png,97,1
26,11500X100011.png,98,1
26,11500X100011.png,99,1
26,11500X100011.png,100,1
26,11500X100011.png,101,1
26,11500X100011.png,102,1
26,11500X100011.png,103,1
26,11500X100011.png,104,1
26,11500X100011.png,105,1
26,11500X100011.png,106,1
26,11500X100011.png,107,1
26,11500X100011.png,108,1
26,11500X100011.png,109,1
26,11500X100011.png,110,1
26,11500X100011.png,111,0
26,11500X100011.png,112,1
26,11500X100011.png,113,1
26,11500X100011.png,114,1
26,11500X100011.png,115,1
27,11500X100012.png,1,1
27,11500X100012.png,2,1
27,11500X100012.png,3,1
27,11500X100012.png,4,1
27,11500X100012.png,5,1
27,11500X100012.png,6,0
27,11500X100012.png,7,1
27,11500X100012.png,8,0
27,11500X100012.png,9,1
27,11500X100012.png,10,1
27,11500X100012.png,11,1
27,11500X100012.png,12,1
27,11500X100012.png,13,1
27,11500X100012.png,14,0
27,11500X100012.png,15,1
27,11500X100012.png,16,1
27,11500X100012.png,17,1
27,11500X100012.png,18,1
27,11500X100012.png,19,1
27,11500X100012.png,20,1
27,11500X100012.png,21,1
27,11500X100012.png,22,1
27,11500X100012.png,23,1
27,11500X100012.png,24,1
27,11500X100012.png,25,1
27,11500X100012.png,26,1
27,11500X100012.png,27,1
27,11500X100012.png,28,1
27,11500X100012.png,29,0
27,11500X100012.png,30,1
27,11500X100012.png,31,1
27,11500X100012.png,32,0
27,11500X100012.png,33,1
27,11500X100012.png,34,0
27,11500X100012.png,35,1
27,11500X100012.png,36,1
27,11500X100012.png,37,0
27,11500X100012.png,38,1
27,11500X100012.png,39,0
27,11500X100012.png,40,0
27,11500X100012.png,41,1
27,11500X100012.png,42,1
27,11500X100012.png,43,1
27,11500X100012.png,44,1
27,11500X100012.png,45,1
27,11500X100012.png,46,1
27,11500X100012.png,47,1
27,11500X100012.png,48,1
27,11500X100012.png,49,1
27,11500X100012.png,50,1
27,11500X100012.png,51,1
27,11500X100012.png,52,1
27,11500X100012.png,53,1
27,11500X100012.png,54,1
27,11500X100012.png,55,1
27,11500X100012.png,56,1
27,11500X100012.png,57,1
27,11500X100012.png,58,1
27,11500X100012.png,59,1
27,11500X100012.png,60,1
27,11500X100012.png,61,1
27,11500X100012.png,62,0
27,11500X100012.png,63,1
27,11500X100012.png,64,1
27,11500X100012.png,65,1
27,11500X100012.png,66,1
27,11500X100012.png,67,1
27,11500X100012.png,68,1
27,11500X100012.png,69,1
27,11500X100012.png,70,1
27,11500X100012.png,71,1
27,11500X100012.png,72,1
27,11500X100012.png,73,1
27,11500X100012.png,74,1
27,11500X100012.png,75,1
27,11500X100012.png,76,0
27,11500X100012.png,77,1
27,11500X100012.png,78,1
27,11500X100012.png,79,1
27,11500X100012.png,80,1
27,11500X100012.png,81,1
27,11500X100012.png,82,1
27,11500X100012.png,83,0
27,11500X100012.png,84,1
27,11500X100012.png,85,0
27,11500X100012.png,86,1
27,11500X100012.png,87,1
27,11500X100012.png,88,1
27,11500X100012.png,89,1
27,11500X100012.png,90,1
27,11500X100012.png,91,1
27,11500X100012.png,92,1
27,11500X100012.png,93,1
27,11500X100012.png,94,1
27,11500X100012.png,95,1
27,11500X100012.png,96,1
27,11500X100012.png,97,0
27,11500X100012.png,98,1
27,11500X100012.png,99,1
27,11500X100012.png,100,1
27,11500X100012.png,101,1
27,11500X100012.png,102,1
27,11500X100012.png,103,1
27,11500X100012.png,104,1
27,11500X100012.png,105,1
27,11500X100012.png,106,1
27,11500X100012.png,107,1
27,11500X100012.png,108,1
27,11500X100012.png,109,1
27,11500X100012.png,110,1
27,11500X100012.png,111,1
27,11500X100012.png,112,1
27,11500X100012.png,113,1
27,11500X100012.png,114,1
27,11500X100012.png,115,1
27,11500X100012.png,116,1
27,11500X100012.png,117,1
27,11500X100012.png,118,1
27,11500X100012.png,119,1
27,11500X100012.png,120,1
27,11500X100012.png,121,1
27,11500X100012.png,122,1
27,11500X100012.png,123,0
27,11500X100012.png,124,1
28,11500X100013.png,1,1
28,11500X100013.png,2,1
28,11500X100013.png,3,1
28,11500X100013.png,4,1
28,11500X100013.png,5,1
28,11500X100013.png,6,0
28,11500X100013.png,7,1
28,11500X100013.png,8,0
28,11500X100013.png,9,1
28,11500X100013.png,10,1
28,11500X100013.png,11,1
28,11500X100013.png,12,1
28,11500X100013.png,13,1
28,11500X100013.png,14,0
28,11500X100013.png,15,1
28,11500X100013.png,16,1
28,11500X100013.png,17,1
28,11500X100013.png,18,1
28,11500X100013.png,19,1
28,11500X100013.png,20,1
28,11500X100013.png,21,1
28,11500X100013.png,22,1
28,11500X100013.png,23,1
28,11500X100013.png,24,1
28,11500X100013.png,25,1
28,11500X100013.png,26,1
28,11500X100013.png,27,1
28,11500X100013.png,28,1
28,11500X100013.png,29,0
28,11500X100013.png,30,1
28,11500X100013.png,31,1
28,11500X100013.png,32,0
28,11500X100013.png,33,1
28,11500X100013.png,34,0
28,11500X100013.png,35,1
28,11500X100013.png,36,1
28,11500X100013.png,37,0
28,11500X100013.png,38,1
28,11500X100013.png,39,0
28,11500X100013.png,40,0
28,11500X100013.png,41,1
28,11500X100013.png,42,1
28,11500X100013.png,43,1
28,11500X100013.png,44,1
28,11500X100013.png,45,1
28,11500X100013.png,46,1
28,11500X100013.png,47,1
28,11500X100013.png,48,1
28,11500X100013.png,49,1
28,11500X100013.png,50,1
28,11500X100013.png,51,1
28,11500X100013.png,52,1
28,11500X100013.png,53,1
28,11500X100013.png,54,1
28,11500X100013.png,55,1
28,11500X100013.png,56,1
28,11500X100013.png,57,1
28,11500X100013.png,58,1
28,11500X100013.png,59,1
28,11500X100013.png,60,1
28,11500X100013.png,61,1
28,11500X100013.png,62,0
28,11500X100013.png,63,1
28,11500X100013.png,64,1
28,11500X100013.png,65,1
28,11500X100013.png,66,1
28,11500X100013.png,67,1
28,11500X100013.png,68,1
28,11500X100013.png,69,1
28,11500X100013.png,70,1
28,11500X100013.png,71,1
28,11500X100013.png,72,1
28,11500X100013.png,73,1
28,11500X100013.png,74,1
28,11500X100013.png,75,1
28,11500X100013.png,76,0
28,11500X100013.png,77,1
28,11500X100013.png,78,1
28,11500X100013.png,79,1
28,11500X100013.png,80,1
28,11500X100013.png,81,1
28,11500X100013.png,82,1
28,11500X100013.png,83,0
28,11500X100013.png,84,1
28,11500X100013.png,85,0
28,11500X100013.png,86,1
28,11500X100013.png,87,1
28,11500X100013.png,88,1
28,11500X100013.png,89,1
28,11500X100013.png,90,1
28,11500X100013.png,91,1
28,11500X100013.png,92,1
28,11500X100013.png,93,1
28,11500X100013.png,94,1
28,11500X100013.png,95,1
28,11500X100013.png,96,1
28,11500X100013.png,97,0
28,11500X100013.png,98,1
28,11500X100013.png,99,1
28,11500X100013.png,100,1
28,11500X100013.png,101,1
28,11500X100013.png,102,1
28,11500X100013.png,103,1
28,11500X100013.png,104,1
28,11500X100013.png,105,1
28,11500X100013.png,106,1
28,11500X100013.png,107,1
28,11500X100013.png,108,1
28,11500X100013.png,109,1
28,11500X100013.png,110,1
28,11500X100013.png,111,1
28,11500X100013.png,112,1
28,11500X100013.png,113,1
28,11500X100013.png,114,1
28,11500X100013.png,115,1
28,11500X100013.png,116,1
28,11500X100013.png,117,1
28,11500X100013.png,118,1
28,11500X100013.png,119,1
28,11500X100013.png,120,1
28,11500X100013.png,121,1
28,11500X100013.png,122,1
28,11500X100013.png,123,0
28,11500X100013.png,124,1
29,11500X100014.png,1,1
29,11500X100014.png,2,1
29,11500X100014.png,3,1
29,11500X100014.png,4,1
29,11500X100014.png,5,1
29,11500X100014.png,6,0
29,11500X100014.png,7,1
29,11500X100014.png,8,1
29,11500X100014.png,9,0
29,11500X100014.png,10,0
29,11500X100014.png,11,0
29,11500X100014.png,12,1
29,11500X100014.png,13,0
29,11500X100014.png,14,0
29,11500X100014.png,15,1
29,11500X100014.png,16,0
29,11500X100014.png,17,1
29,11500X100014.png,18,1
29,11500X100014.png,19,1
29,11500X100014.png,20,1
29,11500X100014.png,21,1
29,11500X100014.png,22,1
29,11500X100014.png,23,1
29,11500X100014.png,24,1
29,11500X100014.png,25,1
29,11500X100014.png,26,1
29,11500X100014.png,27,1
29,11500X100014.png,28,1
29,11500X100014.png,29,0
29,11500X100014.png,30,1
29,11500X100014.png,31,1
29,11500X100014.png,32,1
29,11500X100014.png,33,1
29,11500X100014.png,34,1
29,11500X100014.png,35,0
29,11500X100014.png,36,0
29,11500X100014.png,37,1
29,11500X100014.png,38,1
29,11500X100014.png,39,1
29,11500X100014.png,40,1
29,11500X100014.png,41,1
29,11500X100014.png,42,0
29,11500X100014.png,43,1
29,11500X100014.png,44,1
29,11500X100014.png,45,1
29,11500X100014.png,46,0
29,11500X100014.png,47,1
29,11500X100014.png,48,1
29,11500X100014.png,49,1
29,11500X100014.png,50,0
29,11500X100014.png,51,1
29,11500X100014.png,52,1
29,11500X100014.png,53,1
29,11500X100014.png,54,1
29,11500X100014.png,55,1
29,11500X100014.png,56,1
30,11500X100015.png,1,1
30,11500X100015.png,2,1
30,11500X100015.png,3,1
30,11500X100015.png,4,1
30,11500X100015.png,5,1
30,11500X100015.png,6,0
30,11500X100015.png,7,1
30,11500X100015.png,8,1
30,11500X100015.png,9,0
30,11500X100015.png,10,0
30,11500X100015.png,11,0
30,11500X100015.png,12,1
30,11500X100015.png,13,0
30,11500X100015.png,14,0
30,11500X100015.png,15,1
30,11500X100015.png,16,0
30,11500X100015.png,17,1
30,11500X100015.png,18,1
30,11500X100015.png,19,1
30,11500X100015.png,20,1
30,11500X100015.png,21,1
30,11500X100015.png,22,1
30,11500X100015.png,23,1
30,11500X100015.png,24,1
30,11500X100015.png,25,1
30,11500X100015.png,26,1
30,11500X100015.png,27,1
30,11500X100015.png,28,1
30,11500X100015.png,29,0
30,11500X100015.png,30,1
30,11500X100015.png,31,1
30,11500X100015.png,32,1
30,11500X100015.png,33,1
30,11500X100015.png,34,1
30,11500X100015.png,35,0
30,11500X100015.png,36,0
30,11500X100015.png,37,1
30,11500X100015.png,38,1
30,11500X100015.png,39,1
30,11500X100015.png,40,1
30,11500X100015.png,41,1
30,11500X100015.png,42,0
30,11500X100015.png,43,1
30,11500X100015.png,44,1
30,11500X100015.png,45,1
30,11500X100015.png,46,0
30,11500X100015.png,47,1
30,11500X100015.png,48,1
30,11500X100015.png,49,1
30,11500X100015.png,50,0
30,11500X100015.png,51,1
30,11500X100015.png,52,1
30,11500X100015.png,53,1
30,11500X100015.png,54,1
30,11500X100015.png,55,1
30,11500X100015.png,56,1
31,11500X100016.png,1,0
31,11500X100016.png,3,1
31,11500X100016.png,4,1
31,11500X100016.png,5,0
31,11500X100016.png,6,1
31,11500X100016.png,7,1
31,11500X100016.png,8,1
31,11500X100016.png,9,1
31,11500X100016.png,10,1
31,11500X100016.png,11,1
31,11500X100016.png,12,1
31,11500X100016.png,13,1
31,11500X100016.png,14,1
31,11500X100016.png,15,1
31,11500X100016.png,16,1
31,11500X100016.png,17,1
31,11500X100016.png,18,1
31,11500X100016.png,19,1
31,11500X100016.png,20,1
31,11500X100016.png,21,1
31,11500X100016.png,22,0
31,11500X100016.png,23,1
31,11500X100016.png,24,1
31,11500X100016.png,25,1
31,11500X100016.png,26,1
31,11500X100016.png,27,1
31,11500X100016.png,28,1
31,11500X100016.png,29,1
31,11500X100016.png,30,1
31,11500X100016.png,31,1
31,11500X100016.png,32,1
31,11500X100016.png,33,0
31,11500X100016.png,34,1
31,11500X100016.png,35,1
31,11500X100016.png,36,1
31,11500X100016.png,37,1
31,11500X100016.png,38,1
31,11500X100016.png,39,1
31,11500X100016.png,40,1
31,11500X100016.png,41,1
31,11500X100016.png,42,1
31,11500X100016.png,43,1
31,11500X100016.png,44,1
31,11500X100016.png,45,1
31,11500X100016.png,46,1
31,11500X100016.png,47,1
31,11500X100016.png,48,1
31,11500X100016.png,49,0
31,11500X100016.png,50,0
31,11500X100016.png,51,1
31,11500X100016.png,52,1
31,11500X100016.png,53,1
31,11500X100016.png,54,1
31,11500X100016.png,55,0
31,11500X100016.png,56,1
31,11500X100016.png,57,1
31,11500X100016.png,58,1
31,11500X100016.png,59,1
31,11500X100016.png,60,0
31,11500X100016.png,61,0
31,11500X100016.png,62,1
31,11500X100016.png,63,1
31,11500X100016.png,64,1
31,11500X100016.png,65,0
31,11500X100016.png,66,1
31,11500X100016.png,67,1
31,11500X100016.png,68,0
31,11500X100016.png,69,1
31,11500X100016.png,70,0
31,11500X100016.png,71,1
31,11500X100016.png,72,1
31,11500X100016.png,73,1
31,11500X100016.png,74,1
31,11500X100016.png,75,0
31,11500X100016.png,76,1
31,11500X100016.png,77,1
31,11500X100016.png,78,1
31,11500X100016.png,79,1
31,11500X100016.png,80,1
31,11500X100016.png,81,1
31,11500X100016.png,82,1
31,11500X100016.png,83,1
31,11500X100016.png,84,1
31,11500X100016.png,85,1
31,11500X100016.png,86,1
31,11500X100016.png,87,0
31,11500X100016.png,88,1
31,11500X100016.png,89,1
31,11500X100016.png,90,1
31,11500X100016.png,91,1
31,11500X100016.png,92,1
31,11500X100016.png,93,1
31,11500X100016.png,94,1
31,11500X100016.png,95,1
31,11500X100016.png,96,1
31,11500X100016.png,97,1
31,11500X100016.png,98,1
32,11500X100017.png,1,0
32,11500X100017.png,3,1
32,11500X100017.png,4,1
32,11500X100017.png,5,0
32,11500X100017.png,6,1
32,11500X100017.png,7,1
32,11500X100017.png,8,1
32,11500X100017.png,9,1
32,11500X100017.png,10,1
32,11500X100017.png,11,1
32,11500X100017.png,12,1
32,11500X100017.png,13,1
32,11500X100017.png,14,1
32,11500X100017.png,15,1
32,11500X100017.png,16,1
32,11500X100017.png,17,1
32,11500X100017.png,18,1
32,11500X100017.png,19,1
32,11500X100017.png,20,1
32,11500X100017.png,21,1
32,11500X100017.png,22,0
32,11500X100017.png,23,1
32,11500X100017.png,24,1
32,11500X100017.png,25,1
32,11500X100017.png,26,1
32,11500X100017.png,27,1
32,11500X100017.png,28,1
32,11500X100017.png,29,1
32,11500X100017.png,30,1
32,11500X100017.png,31,1
32,11500X100017.png,32,1
32,11500X100017.png,33,0
32,11500X100017.png,34,1
32,11500X100017.png,35,1
32,11500X100017.png,36,1
32,11500X100017.png,37,1
32,11500X100017.png,38,1
32,11500X100017.png,39,1
32,11500X100017.png,40,1
32,11500X100017.png,41,1
32,11500X100017.png,42,1
32,11500X100017.png,43,1
32,11500X100017.png,44,1
32,11500X100017.png,45,1
32,11500X100017.png,46,1
32,11500X100017.png,47,1
32,11500X100017.png,48,1
32,11500X100017.png,49,0
32,11500X100017.png,50,0
32,11500X100017.png,51,1
32,11500X100017.png,52,1
32,11500X100017.png,53,1
32,11500X100017.png,54,1
32,11500X100017.png,55,0
32,11500X100017.png,56,1
32,11500X100017.png,57,1
32,11500X100017.png,58,1
32,11500X100017.png,59,1
32,11500X100017.png,60,0
32,11500X100017.png,61,0
32,11500X100017.png,62,1
32,11500X100017.png,63,1
32,11500X100017.png,64,1
32,11500X100017.png,65,0
32,11500X100017.png,66,1
32,11500X100017.png,67,1
32,11500X100017.png,68,0
32,11500X100017.png,69,1
32,11500X100017.png,70,0
32,11500X100017.png,71,1
32,11500X100017.png,72,1
32,11500X100017.png,73,1
32,11500X100017.png,74,1
32,11500X100017.png,75,0
32,11500X100017.png,76,1
32,11500X100017.png,77,1
32,11500X100017.png,78,1
32,11500X100017.png,79,1
32,11500X100017.png,80,1
32,11500X100017.png,81,1
32,11500X100017.png,82,1
32,11500X100017.png,83,1
32,11500X100017.png,84,1
32,11500X100017.png,85,1
32,11500X100017.png,86,1
32,11500X100017.png,87,0
32,11500X100017.png,88,1
32,11500X100017.png,89,1
32,11500X100017.png,90,1
32,11500X100017.png,91,1
32,11500X100017.png,92,1
32,11500X100017.png,93,1
32,11500X100017.png,94,1
32,11500X100017.png,95,1
32,11500X100017.png,96,1
32,11500X100017.png,97,1
32,11500X100017.png,98,1
33,11500X100018.png,1,1
33,11500X100018.png,2,0
33,11500X100018.png,3,1
33,11500X100018.png,4,1
33,11500X100018.png,5,1
33,11500X100018.png,6,1
33,11500X100018.png,7,1
33,11500X100018.png,8,1
33,11500X100018.png,9,1
33,11500X100018.png,10,1
33,11500X100018.png,11,1
33,11500X100018.png,12,1
33,11500X100018.png,13,1
33,11500X100018.png,14,1
33,11500X100018.png,15,1
33,11500X100018.png,16,1
33,11500X100018.png,17,1
33,11500X100018.png,18,1
33,11500X100018.png,19,1
33,11500X100018.png,20,1
33,11500X100018.png,21,1
33,11500X100018.png,22,1
33,11500X100018.png,23,0
33,11500X100018.png,24,1
33,11500X100018.png,25,1
33,11500X100018.png,26,1
33,11500X100018.png,27,1
33,11500X100018.png,28,1
33,11500X100018.png,29,1
33,11500X100018.png,30,1
33,11500X100018.png,31,1
33,11500X100018.png,32,0
33,11500X100018.png,33,1
33,11500X100018.png,34,1
33,11500X100018.png,35,1
33,11500X100018.png,36,0
33,11500X100018.png,37,1
33,11500X100018.png,38,1
33,11500X100018.png,39,1
33,11500X100018.png,40,1
33,11500X100018.png,41,1
33,11500X100018.png,42,1
33,11500X100018.png,43,1
33,11500X100018.png,44,1
33,11500X100018.png,45,0
33,11500X100018.png,46,1
33,11500X100018.png,47,1
33,11500X100018.png,48,1
33,11500X100018.png,49,1
33,11500X100018.png,50,1
33,11500X100018.png,51,1
33,11500X100018.png,52,1
33,11500X100018.png,53,1
33,11500X100018.png,54,1
33,11500X100018.png,55,1
33,11500X100018.png,56,1
33,11500X100018.png,57,1
33,11500X100018.png,58,1
33,11500X100018.png,59,1
33,11500X100018.png,60,1
33,11500X100018.png,61,1
33,11500X100018.png,62,1
33,11500X100018.png,63,1
33,11500X100018.png,64,0
33,11500X100018.png,65,1
33,11500X100018.png,66,1
33,11500X100018.png,67,1
33,11500X100018.png,68,1
33,11500X100018.png,69,1
33,11500X100018.png,70,1
33,11500X100018.png,71,1
33,11500X100018.png,72,1
33,11500X100018.png,73,1
33,11500X100018.png,74,1
33,11500X100018.png,75,1
33,11500X100018.png,76,1
33,11500X100018.png,77,1
33,11500X100018.png,78,1
33,11500X100018.png,79,1
33,11500X100018.png,80,1
33,11500X100018.png,81,1
33,11500X100018.png,82,1
33,11500X100018.png,83,1
33,11500X100018.png,84,1
33,11500X100018.png,85,1
33,11500X100018.png,86,0
33,11500X100018.png,87,1
33,11500X100018.png,88,1
33,11500X100018.png,89,1
33,11500X100018.png,90,1
33,11500X100018.png,91,0
33,11500X100018.png,92,1
33,11500X100018.png,93,0
33,11500X100018.png,94,1
33,11500X100018.png,95,1
33,11500X100018.png,96,1
33,11500X100018.png,97,1
33,11500X100018.png,98,1
33,11500X100018.png,99,1
33,11500X100018.png,100,1
33,11500X100018.png,101,1
33,11500X100018.png,102,1
33,11500X100018.png,103,1
33,11500X100018.png,104,1
33,11500X100018.png,105,1
33,11500X100018.png,106,1
33,11500X100018.png,107,1
33,11500X100018.png,108,1
33,11500X100018.png,109,1
33,11500X100018.png,110,1
33,11500X100018.png,111,1
33,11500X100018.png,112,1
33,11500X100018.png,113,1
33,11500X100018.png,114,1
33,11500X100018.png,115,1
33,11500X100018.png,116,1
33,11500X100018.png,117,1
33,11500X100018.png,118,1
33,11500X100018.png,119,1
33,11500X100018.png,120,1
33,11500X100018.png,121,1
33,11500X100018.png,122,1
33,11500X100018.png,123,1
33,11500X100018.png,124,1
33,11500X100018.png,125,1
33,11500X100018.png,126,0
33,11500X100018.png,127,1
33,11500X100018.png,128,0
33,11500X100018.png,129,1
33,11500X100018.png,130,1
33,11500X100018.png,131,1
33,11500X100018.png,132,1
33,11500X100018.png,133,1
33,11500X100018.png,134,0
33,11500X100018.png,135,1
33,11500X100018.png,136,1
33,11500X100018.png,137,1
33,11500X100018.png,138,1
33,11500X100018.png,139,1
33,11500X100018.png,140,1
33,11500X100018.png,141,1
33,11500X100018.png,142,1
33,11500X100018.png,143,1
33,11500X100018.png,144,1
33,11500X100018.png,145,1
33,11500X100018.png,146,1
33,11500X100018.png,147,1
33,11500X100018.png,148,1
33,11500X100018.png,149,0
33,11500X100018.png,150,1
33,11500X100018.png,151,1
33,11500X100018.png,152,0
33,11500X100018.png,153,1
33,11500X100018.png,154,1
33,11500X100018.png,155,1
33,11500X100018.png,156,1
33,11500X100018.png,157,1
33,11500X100018.png,158,0
33,11500X100018.png,159,1
33,11500X100018.png,160,1
33,11500X100018.png,161,1
33,11500X100018.png,162,0
33,11500X100018.png,163,1
33,11500X100018.png,164,1
33,11500X100018.png,165,1
33,11500X100018.png,166,0
33,11500X100018.png,167,1
33,11500X100018.png,168,1
33,11500X100018.png,169,1
33,11500X100018.png,170,1
33,11500X100018.png,171,1
33,11500X100018.png,172,1
33,11500X100018.png,173,1
33,11500X100018.png,174,1
33,11500X100018.png,175,1
33,11500X100018.png,176,1
33,11500X100018.png,177,1
34,11500X100019.png,1,1
34,11500X100019.png,2,0
34,11500X100019.png,3,1
34,11500X100019.png,4,1
34,11500X100019.png,5,1
34,11500X100019.png,6,1
34,11500X100019.png,7,1
34,11500X100019.png,8,1
34,11500X100019.png,9,1
34,11500X100019.png,10,1
34,11500X100019.png,11,1
34,11500X100019.png,12,1
34,11500X100019.png,13,1
34,11500X100019.png,14,1
34,11500X100019.png,15,1
34,11500X100019.png,16,1
34,11500X100019.png,17,1
34,11500X100019.png,18,1
34,11500X100019.png,19,1
34,11500X100019.png,20,1
34,11500X100019.png,21,1
34,11500X100019.png,22,1
34,11500X100019.png,23,0
34,11500X100019.png,24,1
34,11500X100019.png,25,1
34,11500X100019.png,26,1
34,11500X100019.png,27,1
34,11500X100019.png,28,1
34,11500X100019.png,29,1
34,11500X100019.png,30,1
34,11500X100019.png,31,1
34,11500X100019.png,32,0
34,11500X100019.png,33,1
34,11500X100019.png,34,1
34,11500X100019.png,35,1
34,11500X100019.png,36,0
34,11500X100019.png,37,1
34,11500X100019.png,38,1
34,11500X100019.png,39,1
34,11500X100019.png,40,1
34,11500X100019.png,41,1
34,11500X100019.png,42,1
34,11500X100019.png,43,1
34,11500X100019.png,44,1
34,11500X100019.png,45,0
34,11500X100019.png,46,1
34,11500X100019.png,47,1
34,11500X100019.png,48,1
34,11500X100019.png,49,1
34,11500X100019.png,50,1
34,11500X100019.png,51,1
34,11500X100019.png,52,1
34,11500X100019.png,53,1
34,11500X100019.png,54,1
34,11500X100019.png,55,1
34,11500X100019.png,56,1
34,11500X100019.png,57,1
34,11500X100019.png,58,1
34,11500X100019.png,59,1
34,11500X100019.png,60,1
34,11500X100019.png,61,1
34,11500X100019.png,62,1
34,11500X100019.png,63,1
34,11500X100019.png,64,0
34,11500X100019.png,65,1
34,11500X100019.png,66,1
34,11500X100019.png,67,1
34,11500X100019.png,68,1
34,11500X100019.png,69,1
34,11500X100019.png,70,1
34,11500X100019.png,71,1
34,11500X100019.png,72,1
34,11500X100019.png,73,1
34,11500X100019.png,74,1
34,11500X100019.png,75,1
34,11500X100019.png,76,1
34,11500X100019.png,77,1
34,11500X100019.png,78,1
34,11500X100019.png,79,1
34,11500X100019.png,80,1
34,11500X100019.png,81,1
34,11500X100019.png,82,1
34,11500X100019.png,83,1
34,11500X100019.png,84,1
34,11500X100019.png,85,1
34,11500X100019.png,86,0
34,11500X100019.png,87,1
34,11500X100019.png,88,1
34,11500X100019.png,89,1
34,11500X100019.png,90,1
34,11500X100019.png,91,0
34,11500X100019.png,92,1
34,11500X100019.png,93,0
34,11500X100019.png,94,1
34,11500X100019.png,95,1
34,11500X100019.png,96,1
34,11500X100019.png,97,1
34,11500X100019.png,98,1
34,11500X100019.png,99,1
34,11500X100019.png,100,1
34,11500X100019.png,101,1
34,11500X100019.png,102,1
34,11500X100019.png,103,1
34,11500X100019.png,104,1
34,11500X100019.png,105,1
34,11500X100019.png,106,1
34,11500X100019.png,107,1
34,11500X100019.png,108,1
34,11500X100019.png,109,1
34,11500X100019.png,110,1
34,11500X100019.png,111,1
34,11500X100019.png,112,1
34,11500X100019.png,113,1
34,11500X100019.png,114,1
34,11500X100019.png,115,1
34,11500X100019.png,116,1
34,11500X100019.png,117,1
34,11500X100019.png,118,1
34,11500X100019.png,119,1
34,11500X100019.png,120,1
34,11500X100019.png,121,1
34,11500X100019.png,122,1
34,11500X100019.png,123,1
34,11500X100019.png,124,1
34,11500X100019.png,125,1
34,11500X100019.png,126,0
34,11500X100019.png,127,1
34,11500X100019.png,128,0
34,11500X100019.png,129,1
34,11500X100019.png,130,1
34,11500X100019.png,131,1
34,11500X100019.png,132,1
34,11500X100019.png,133,1
34,11500X100019.png,134,0
34,11500X100019.png,135,1
34,11500X100019.png,136,1
34,11500X100019.png,137,1
34,11500X100019.png,138,1
34,11500X100019.png,139,1
34,11500X100019.png,140,1
34,11500X100019.png,141,1
34,11500X100019.png,142,1
34,11500X100019.png,143,1
34,11500X100019.png,144,1
34,11500X100019.png,145,1
34,11500X100019.png,146,1
34,11500X100019.png,147,1
34,11500X100019.png,148,1
34,11500X100019.png,149,0
34,11500X100019.png,150,1
34,11500X100019.png,151,1
34,11500X100019.png,152,0
34,11500X100019.png,153,1
34,11500X100019.png,154,1
34,11500X100019.png,155,1
34,11500X100019.png,156,1
34,11500X100019.png,157,1
34,11500X100019.png,158,0
34,11500X100019.png,159,1
34,11500X100019.png,160,1
34,11500X100019.png,161,1
34,11500X100019.png,162,0
34,11500X100019.png,163,1
34,11500X100019.png,164,1
34,11500X100019.png,165,1
34,11500X100019.png,166,0
34,11500X100019.png,167,1
34,11500X100019.png,168,1
34,11500X100019.png,169,1
34,11500X100019.png,170,1
34,11500X100019.png,171,1
34,11500X100019.png,172,1
34,11500X100019.png,173,1
34,11500X100019.png,174,1
34,11500X100019.png,175,1
34,11500X100019.png,176,1
34,11500X100019.png,177,1
35,11500X10002.png,1,1
35,11500X10002.png,2,0
35,11500X10002.png,3,1
35,11500X10002.png,4,1
35,11500X10002.png,5,1
35,11500X10002.png,6,1
35,11500X10002.png,7,1
35,11500X10002.png,8,0
35,11500X10002.png,9,1
35,11500X10002.png,10,1
35,11500X10002.png,11,1
35,11500X10002.png,12,1
35,11500X10002.png,13,0
35,11500X10002.png,14,1
35,11500X10002.png,15,1
35,11500X10002.png,16,1
35,11500X10002.png,17,1
35,11500X10002.png,18,1
35,11500X10002.png,19,1
35,11500X10002.png,20,1
35,11500X10002.png,21,0
35,11500X10002.png,22,1
35,11500X10002.png,23,1
35,11500X10002.png,24,0
35,11500X10002.png,25,0
35,11500X10002.png,26,1
35,11500X10002.png,27,1
35,11500X10002.png,28,1
35,11500X10002.png,29,1
35,11500X10002.png,30,1
35,11500X10002.png,31,0
35,11500X10002.png,32,1
35,11500X10002.png,33,1
35,11500X10002.png,34,1
35,11500X10002.png,35,0
35,11500X10002.png,36,0
35,11500X10002.png,37,0
35,11500X10002.png,38,1
36,11500X100020.png,1,1
36,11500X100020.png,2,0
36,11500X100020.png,3,1
36,11500X100020.png,4,1
36,11500X100020.png,5,1
36,11500X100020.png,6,1
36,11500X100020.png,7,1
36,11500X100020.png,8,1
36,11500X100020.png,9,1
36,11500X100020.png,10,1
36,11500X100020.png,11,1
36,11500X100020.png,12,1
36,11500X100020.png,13,1
36,11500X100020.png,14,1
36,11500X100020.png,15,1
36,11500X100020.png,16,1
36,11500X100020.png,17,1
36,11500X100020.png,18,1
36,11500X100020.png,19,1
36,11500X100020.png,20,1
36,11500X100020.png,21,1
36,11500X100020.png,22,1
36,11500X100020.png,23,1
36,11500X100020.png,24,1
36,11500X100020.png,25,0
36,11500X100020.png,26,1
36,11500X100020.png,27,1
36,11500X100020.png,28,0
36,11500X100020.png,29,1
36,11500X100020.png,30,1
36,11500X100020.png,31,1
36,11500X100020.png,32,1
36,11500X100020.png,33,1
36,11500X100020.png,34,1
36,11500X100020.png,35,1
36,11500X100020.png,36,1
36,11500X100020.png,37,1
36,11500X100020.png,38,1
36,11500X100020.png,39,1
36,11500X100020.png,40,1
36,11500X100020.png,41,1
36,11500X100020.png,42,1
36,11500X100020.png,43,1
36,11500X100020.png,44,1
36,11500X100020.png,45,1
36,11500X100020.png,46,1
36,11500X100020.png,47,1
36,11500X100020.png,48,1
36,11500X100020.png,49,1
36,11500X100020.png,50,1
36,11500X100020.png,51,1
36,11500X100020.png,52,1
36,11500X100020.png,53,1
36,11500X100020.png,54,0
36,11500X100020.png,55,1
36,11500X100020.png,56,1
36,11500X100020.png,57,1
36,11500X100020.png,58,1
36,11500X100020.png,59,1
36,11500X100020.png,60,1
36,11500X100020.png,61,1
36,11500X100020.png,62,1
36,11500X100020.png,63,1
36,11500X100020.png,64,0
36,11500X100020.png,65,1
36,11500X100020.png,66,1
36,11500X100020.png,67,1
36,11500X100020.png,68,1
36,11500X100020.png,69,1
36,11500X100020.png,70,1
36,11500X100020.png,71,1
36,11500X100020.png,72,1
36,11500X100020.png,73,1
36,11500X100020.png,74,0
36,11500X100020.png,75,1
36,11500X100020.png,76,1
36,11500X100020.png,77,1
36,11500X100020.png,78,1
36,11500X100020.png,79,0
36,11500X100020.png,80,1
36,11500X100020.png,81,1
36,11500X100020.png,82,1
36,11500X100020.png,83,1
36,11500X100020.png,84,1
36,11500X100020.png,85,1
36,11500X100020.png,86,1
36,11500X100020.png,87,1
36,11500X100020.png,88,1
36,11500X100020.png,89,1
36,11500X100020.png,90,0
36,11500X100020.png,91,1
36,11500X100020.png,92,1
36,11500X100020.png,93,0
36,11500X100020.png,94,1
36,11500X100020.png,95,1
36,11500X100020.png,96,0
36,11500X100020.png,97,1
36,11500X100020.png,98,1
36,11500X100020.png,99,1
36,11500X100020.png,100,1
36,11500X100020.png,101,1
36,11500X100020.png,102,1
36,11500X100020.png,103,1
36,11500X100020.png,104,1
36,11500X100020.png,105,1
36,11500X100020.png,106,1
36,11500X100020.png,107,1
36,11500X100020.png,108,1
36,11500X100020.png,109,1
36,11500X100020.png,110,1
36,11500X100020.png,111,1
36,11500X100020.png,112,1
36,11500X100020.png,113,1
36,11500X100020.png,114,1
36,11500X100020.png,115,0
36,11500X100020.png,116,1
36,11500X100020.png,117,1
36,11500X100020.png,118,1
36,11500X100020.png,119,1
36,11500X100020.png,120,1
36,11500X100020.png,121,1
36,11500X100020.png,122,1
36,11500X100020.png,123,1
36,11500X100020.png,124,1
36,11500X100020.png,125,0
36,11500X100020.png,126,1
36,11500X100020.png,127,1
36,11500X100020.png,128,1
36,11500X100020.png,129,1
36,11500X100020.png,130,0
36,11500X100020.png,131,1
36,11500X100020.png,132,1
36,11500X100020.png,133,0
36,11500X100020.png,134,1
36,11500X100020.png,135,1
36,11500X100020.png,136,1
36,11500X100020.png,137,1
36,11500X100020.png,138,1
36,11500X100020.png,139,1
36,11500X100020.png,140,1
36,11500X100020.png,141,1
36,11500X100020.png,142,1
36,11500X100020.png,143,0
36,11500X100020.png,144,1
36,11500X100020.png,145,1
36,11500X100020.png,146,1
36,11500X100020.png,147,1
36,11500X100020.png,148,1
36,11500X100020.png,149,1
36,11500X100020.png,150,0
36,11500X100020.png,151,0
36,11500X100020.png,152,1
36,11500X100020.png,153,1
36,11500X100020.png,154,1
36,11500X100020.png,155,1
36,11500X100020.png,156,1
36,11500X100020.png,157,1
36,11500X100020.png,158,1
36,11500X100020.png,159,1
36,11500X100020.png,160,1
36,11500X100020.png,161,1
36,11500X100020.png,162,1
36,11500X100020.png,163,1
36,11500X100020.png,164,1
36,11500X100020.png,165,1
36,11500X100020.png,166,1
36,11500X100020.png,167,1
36,11500X100020.png,168,1
36,11500X100020.png,169,1
36,11500X100020.png,170,1
36,11500X100020.png,171,1
36,11500X100020.png,172,0
36,11500X100020.png,173,0
36,11500X100020.png,174,1
36,11500X100020.png,175,1
36,11500X100020.png,176,1
36,11500X100020.png,177,1
36,11500X100020.png,178,1
36,11500X100020.png,179,1
36,11500X100020.png,180,0
36,11500X100020.png,181,1
36,11500X100020.png,182,1
36,11500X100020.png,183,1
36,11500X100020.png,184,1
36,11500X100020.png,185,1
36,11500X100020.png,186,0
36,11500X100020.png,187,1
36,11500X100020.png,188,1
36,11500X100020.png,189,1
36,11500X100020.png,190,1
37,11500X100021.png,1,1
37,11500X100021.png,2,0
37,11500X100021.png,3,1
37,11500X100021.png,4,1
37,11500X100021.png,5,1
37,11500X100021.png,6,1
37,11500X100021.png,7,1
37,11500X100021.png,8,1
37,11500X100021.png,9,1
37,11500X100021.png,10,1
37,11500X100021.png,11,1
37,11500X100021.png,12,1
37,11500X100021.png,13,1
37,11500X100021.png,14,1
37,11500X100021.png,15,1
37,11500X100021.png,16,1
37,11500X100021.png,17,1
37,11500X100021.png,18,1
37,11500X100021.png,19,1
37,11500X100021.png,20,1
37,11500X100021.png,21,1
37,11500X100021.png,22,1
37,11500X100021.png,23,1
37,11500X100021.png,24,1
37,11500X100021.png,25,0
37,11500X100021.png,26,1
37,11500X100021.png,27,1
37,11500X100021.png,28,0
37,11500X100021.png,29,1
37,11500X100021.png,30,1
37,11500X100021.png,31,1
37,11500X100021.png,32,1
37,11500X100021.png,33,1
37,11500X100021.png,34,1
37,11500X100021.png,35,1
37,11500X100021.png,36,1
37,11500X100021.png,37,1
37,11500X100021.png,38,1
37,11500X100021.png,39,1
37,11500X100021.png,40,1
37,11500X100021.png,41,1
37,11500X100021.png,42,1
37,11500X100021.png,43,1
37,11500X100021.png,44,1
37,11500X100021.png,45,1
37,11500X100021.png,46,1
37,11500X100021.png,47,1
37,11500X100021.png,48,1
37,11500X100021.png,49,1
37,11500X100021.png,50,1
37,11500X100021.png,51,1
37,11500X100021.png,52,1
37,11500X100021.png,53,1
37,11500X100021.png,54,0
37,11500X100021.png,55,1
37,11500X100021.png,56,1
37,11500X100021.png,57,1
37,11500X100021.png,58,1
37,11500X100021.png,59,1
37,11500X100021.png,60,1
37,11500X100021.png,61,1
37,11500X100021.png,62,1
37,11500X100021.png,63,1
37,11500X100021.png,64,0
37,11500X100021.png,65,1
37,11500X100021.png,66,1
37,11500X100021.png,67,1
37,11500X100021.png,68,1
37,11500X100021.png,69,1
37,11500X100021.png,70,1
37,11500X100021.png,71,1
37,11500X100021.png,72,1
37,11500X100021.png,73,1
37,11500X100021.png,74,0
37,11500X100021.png,75,1
37,11500X100021.png,76,1
37,11500X100021.png,77,1
37,11500X100021.png,78,1
37,11500X100021.png,79,0
37,11500X100021.png,80,1
37,11500X100021.png,81,1
37,11500X100021.png,82,1
37,11500X100021.png,83,1
37,11500X100021.png,84,1
37,11500X100021.png,85,1
37,11500X100021.png,86,1
37,11500X100021.png,87,1
37,11500X100021.png,88,1
37,11500X100021.png,89,1
37,11500X100021.png,90,0
37,11500X100021.png,91,1
37,11500X100021.png,92,1
37,11500X100021.png,93,0
37,11500X100021.png,94,1
37,11500X100021.png,95,1
37,11500X100021.png,96,0
37,11500X100021.png,97,1
37,11500X100021.png,98,1
37,11500X100021.png,99,1
37,11500X100021.png,100,1
37,11500X100021.png,101,1
37,11500X100021.png,102,1
37,11500X100021.png,103,1
37,11500X100021.png,104,1
37,11500X100021.png,105,1
37,11500X100021.png,106,1
37,11500X100021.png,107,1
37,11500X100021.png,108,1
37,11500X100021.png,109,1
37,11500X100021.png,110,1
37,11500X100021.png,111,1
37,11500X100021.png,112,1
37,11500X100021.png,113,1
37,11500X100021.png,114,1
37,11500X100021.png,115,0
37,11500X100021.png,116,1
37,11500X100021.png,117,1
37,11500X100021.png,118,1
37,11500X100021.png,119,1
37,11500X100021.png,120,1
37,11500X100021.png,121,1
37,11500X100021.png,122,1
37,11500X100021.png,123,1
37,11500X100021.png,124,1
37,11500X100021.png,125,0
37,11500X100021.png,126,1
37,11500X100021.png,127,1
37,11500X100021.png,128,1
37,11500X100021.png,129,1
37,11500X100021.png,130,0
37,11500X100021.png,131,1
37,11500X100021.png,132,1
37,11500X100021.png,133,0
37,11500X100021.png,134,1
37,11500X100021.png,135,1
37,11500X100021.png,136,1
37,11500X100021.png,137,1
37,11500X100021.png,138,1
37,11500X100021.png,139,1
37,11500X100021.png,140,1
37,11500X100021.png,141,1
37,11500X100021.png,142,1
37,11500X100021.png,143,0
37,11500X100021.png,144,1
37,11500X100021.png,145,1
37,11500X100021.png,146,1
37,11500X100021.png,147,1
37,11500X100021.png,148,1
37,11500X100021.png,149,1
37,11500X100021.png,150,0
37,11500X100021.png,151,0
37,11500X100021.png,152,1
37,11500X100021.png,153,1
37,11500X100021.png,154,1
37,11500X100021.png,155,1
37,11500X100021.png,156,1
37,11500X100021.png,157,1
37,11500X100021.png,158,1
37,11500X100021.png,159,1
37,11500X100021.png,160,1
37,11500X100021.png,161,1
37,11500X100021.png,162,1
37,11500X100021.png,163,1
37,11500X100021.png,164,1
37,11500X100021.png,165,1
37,11500X100021.png,166,1
37,11500X100021.png,167,1
37,11500X100021.png,168,1
37,11500X100021.png,169,1
37,11500X100021.png,170,1
37,11500X100021.png,171,1
37,11500X100021.png,172,0
37,11500X100021.png,173,0
37,11500X100021.png,174,1
37,11500X100021.png,175,1
37,11500X100021.png,176,1
37,11500X100021.png,177,1
37,11500X100021.png,178,1
37,11500X100021.png,179,1
37,11500X100021.png,180,0
37,11500X100021.png,181,1
37,11500X100021.png,182,1
37,11500X100021.png,183,1
37,11500X100021.png,184,1
37,11500X100021.png,185,1
37,11500X100021.png,186,0
37,11500X100021.png,187,1
37,11500X100021.png,188,1
37,11500X100021.png,189,1
37,11500X100021.png,190,1
38,11500X100022.png,1,1
38,11500X100022.png,2,1
38,11500X100022.png,3,0
38,11500X100022.png,4,1
38,11500X100022.png,5,1
38,11500X100022.png,6,1
38,11500X100022.png,7,1
38,11500X100022.png,8,1
38,11500X100022.png,9,1
38,11500X100022.png,10,1
38,11500X100022.png,11,0
38,11500X100022.png,12,1
38,11500X100022.png,13,0
38,11500X100022.png,14,1
38,11500X100022.png,15,1
38,11500X100022.png,16,1
38,11500X100022.png,17,1
38,11500X100022.png,18,1
38,11500X100022.png,19,1
38,11500X100022.png,20,1
38,11500X100022.png,21,0
38,11500X100022.png,22,1
38,11500X100022.png,23,1
38,11500X100022.png,24,0
38,11500X100022.png,25,1
38,11500X100022.png,26,1
38,11500X100022.png,27,0
38,11500X100022.png,28,1
38,11500X100022.png,29,1
38,11500X100022.png,30,1
38,11500X100022.png,31,1
38,11500X100022.png,32,1
38,11500X100022.png,33,1
38,11500X100022.png,34,0
38,11500X100022.png,35,0
38,11500X100022.png,36,1
38,11500X100022.png,37,1
38,11500X100022.png,38,0
38,11500X100022.png,39,1
38,11500X100022.png,40,0
38,11500X100022.png,41,1
38,11500X100022.png,42,1
38,11500X100022.png,43,1
38,11500X100022.png,44,0
38,11500X100022.png,45,0
38,11500X100022.png,46,1
38,11500X100022.png,47,1
38,11500X100022.png,48,0
38,11500X100022.png,49,1
38,11500X100022.png,50,1
38,11500X100022.png,51,0
38,11500X100022.png,52,1
38,11500X100022.png,53,1
38,11500X100022.png,54,0
38,11500X100022.png,55,1
38,11500X100022.png,56,1
38,11500X100022.png,57,1
38,11500X100022.png,58,1
38,11500X100022.png,59,1
38,11500X100022.png,60,1
38,11500X100022.png,61,1
38,11500X100022.png,62,1
38,11500X100022.png,63,1
38,11500X100022.png,64,1
38,11500X100022.png,65,1
38,11500X100022.png,66,1
38,11500X100022.png,67,1
38,11500X100022.png,68,1
38,11500X100022.png,69,1
38,11500X100022.png,70,1
38,11500X100022.png,71,1
38,11500X100022.png,72,1
38,11500X100022.png,73,1
38,11500X100022.png,74,1
38,11500X100022.png,75,1
38,11500X100022.png,76,1
38,11500X100022.png,77,1
38,11500X100022.png,78,1
38,11500X100022.png,79,1
38,11500X100022.png,80,1
38,11500X100022.png,81,1
38,11500X100022.png,82,1
38,11500X100022.png,83,1
38,11500X100022.png,84,1
38,11500X100022.png,85,0
38,11500X100022.png,86,1
38,11500X100022.png,87,1
38,11500X100022.png,88,1
38,11500X100022.png,89,1
38,11500X100022.png,90,0
38,11500X100022.png,91,1
38,11500X100022.png,92,1
38,11500X100022.png,93,1
38,11500X100022.png,94,0
38,11500X100022.png,95,1
38,11500X100022.png,96,1
38,11500X100022.png,97,0
38,11500X100022.png,98,1
38,11500X100022.png,99,0
38,11500X100022.png,100,1
38,11500X100022.png,101,1
38,11500X100022.png,102,1
38,11500X100022.png,103,1
38,11500X100022.png,104,0
38,11500X100022.png,105,1
38,11500X100022.png,106,1
38,11500X100022.png,107,1
38,11500X100022.png,108,1
38,11500X100022.png,109,1
38,11500X100022.png,110,1
38,11500X100022.png,111,0
38,11500X100022.png,112,0
38,11500X100022.png,113,1
38,11500X100022.png,114,1
38,11500X100022.png,115,1
38,11500X100022.png,116,1
38,11500X100022.png,117,1
38,11500X100022.png,118,0
38,11500X100022.png,119,1
38,11500X100022.png,120,1
38,11500X100022.png,121,1
38,11500X100022.png,122,1
38,11500X100022.png,123,1
38,11500X100022.png,124,1
38,11500X100022.png,125,1
38,11500X100022.png,126,1
38,11500X100022.png,127,1
38,11500X100022.png,128,1
38,11500X100022.png,129,1
38,11500X100022.png,130,1
38,11500X100022.png,131,1
38,11500X100022.png,132,1
38,11500X100022.png,133,1
38,11500X100022.png,134,0
38,11500X100022.png,135,1
38,11500X100022.png,136,1
38,11500X100022.png,137,1
38,11500X100022.png,138,1
38,11500X100022.png,139,0
38,11500X100022.png,140,1
38,11500X100022.png,141,1
38,11500X100022.png,142,0
38,11500X100022.png,143,1
38,11500X100022.png,144,1
38,11500X100022.png,145,1
38,11500X100022.png,146,0
38,11500X100022.png,147,1
39,11500X100023.png,1,1
39,11500X100023.png,2,1
39,11500X100023.png,3,0
39,11500X100023.png,4,1
39,11500X100023.png,5,1
39,11500X100023.png,6,1
39,11500X100023.png,7,1
39,11500X100023.png,8,1
39,11500X100023.png,9,1
39,11500X100023.png,10,1
39,11500X100023.png,11,0
39,11500X100023.png,12,1
39,11500X100023.png,13,0
39,11500X100023.png,14,1
39,11500X100023.png,15,1
39,11500X100023.png,16,1
39,11500X100023.png,17,1
39,11500X100023.png,18,1
39,11500X100023.png,19,1
39,11500X100023.png,20,1
39,11500X100023.png,21,0
39,11500X100023.png,22,1
39,11500X100023.png,23,1
39,11500X100023.png,24,0
39,11500X100023.png,25,1
39,11500X100023.png,26,1
39,11500X100023.png,27,0
39,11500X100023.png,28,1
39,11500X100023.png,29,1
39,11500X100023.png,30,1
39,11500X100023.png,31,1
39,11500X100023.png,32,1
39,11500X100023.png,33,1
39,11500X100023.png,34,0
39,11500X100023.png,35,0
39,11500X100023.png,36,1
39,11500X100023.png,37,1
39,11500X100023.png,38,0
39,11500X100023.png,39,1
39,11500X100023.png,40,0
39,11500X100023.png,41,1
39,11500X100023.png,42,1
39,11500X100023.png,43,1
39,11500X100023.png,44,0
39,11500X100023.png,45,0
39,11500X100023.png,46,1
39,11500X100023.png,47,1
39,11500X100023.png,48,0
39,11500X100023.png,49,1
39,11500X100023.png,50,1
39,11500X100023.png,51,0
39,11500X100023.png,52,1
39,11500X100023.png,53,1
39,11500X100023.png,54,0
39,11500X100023.png,55,1
39,11500X100023.png,56,1
39,11500X100023.png,57,1
39,11500X100023.png,58,1
39,11500X100023.png,59,1
39,11500X100023.png,60,1
39,11500X100023.png,61,1
39,11500X100023.png,62,1
39,11500X100023.png,63,1
39,11500X100023.png,64,1
39,11500X100023.png,65,1
39,11500X100023.png,66,1
39,11500X100023.png,67,1
39,11500X100023.png,68,1
39,11500X100023.png,69,1
39,11500X100023.png,70,1
39,11500X100023.png,71,1
39,11500X100023.png,72,1
39,11500X100023.png,73,1
39,11500X100023.png,74,1
39,11500X100023.png,75,1
39,11500X100023.png,76,1
39,11500X100023.png,77,1
39,11500X100023.png,78,1
39,11500X100023.png,79,1
39,11500X100023.png,80,1
39,11500X100023.png,81,1
39,11500X100023.png,82,1
39,11500X100023.png,83,1
39,11500X100023.png,84,1
39,11500X100023.png,85,0
39,11500X100023.png,86,1
39,11500X100023.png,87,1
39,11500X100023.png,88,1
39,11500X100023.png,89,1
39,11500X100023.png,90,0
39,11500X100023.png,91,1
39,11500X100023.png,92,1
39,11500X100023.png,93,1
39,11500X100023.png,94,0
39,11500X100023.png,95,1
39,11500X100023.png,96,1
39,11500X100023.png,97,0
39,11500X100023.png,98,1
39,11500X100023.png,99,0
39,11500X100023.png,100,1
39,11500X100023.png,101,1
39,11500X100023.png,102,1
39,11500X100023.png,103,1
39,11500X100023.png,104,0
39,11500X100023.png,105,1
39,11500X100023.png,106,1
39,11500X100023.png,107,1
39,11500X100023.png,108,1
39,11500X100023.png,109,1
39,11500X100023.png,110,1
39,11500X100023.png,111,0
39,11500X100023.png,112,0
39,11500X100023.png,113,1
39,11500X100023.png,114,1
39,11500X100023.png,115,1
39,11500X100023.png,116,1
39,11500X100023.png,117,1
39,11500X100023.png,118,0
39,11500X100023.png,119,1
39,11500X100023.png,120,1
39,11500X100023.png,121,1
39,11500X100023.png,122,1
39,11500X100023.png,123,1
39,11500X100023.png,124,1
39,11500X100023.png,125,1
39,11500X100023.png,126,1
39,11500X100023.png,127,1
39,11500X100023.png,128,1
39,11500X100023.png,129,1
39,11500X100023.png,130,1
39,11500X100023.png,131,1
39,11500X100023.png,132,1
39,11500X100023.png,133,1
39,11500X100023.png,134,0
39,11500X100023.png,135,1
39,11500X100023.png,136,1
39,11500X100023.png,137,1
39,11500X100023.png,138,1
39,11500X100023.png,139,0
39,11500X100023.png,140,1
39,11500X100023.png,141,1
39,11500X100023.png,142,0
39,11500X100023.png,143,1
39,11500X100023.png,144,1
39,11500X100023.png,145,1
39,11500X100023.png,146,0
39,11500X100023.png,147,1
40,11500X100024.png,1,1
40,11500X100024.png,2,0
40,11500X100024.png,3,1
40,11500X100024.png,4,1
40,11500X100024.png,5,1
40,11500X100024.png,6,0
40,11500X100024.png,7,1
40,11500X100024.png,8,1
40,11500X100024.png,9,1
40,11500X100024.png,10,1
40,11500X100024.png,11,1
40,11500X100024.png,12,0
40,11500X100024.png,13,1
40,11500X100024.png,14,1
40,11500X100024.png,15,1
40,11500X100024.png,16,1
40,11500X100024.png,17,1
40,11500X100024.png,18,1
40,11500X100024.png,19,1
40,11500X100024.png,20,1
40,11500X100024.png,21,1
40,11500X100024.png,22,1
40,11500X100024.png,23,1
40,11500X100024.png,24,1
40,11500X100024.png,25,1
40,11500X100024.png,26,1
40,11500X100024.png,27,1
40,11500X100024.png,28,1
40,11500X100024.png,29,1
40,11500X100024.png,30,1
40,11500X100024.png,31,1
40,11500X100024.png,32,1
40,11500X100024.png,33,1
40,11500X100024.png,34,1
40,11500X100024.png,35,0
40,11500X100024.png,36,0
40,11500X100024.png,37,1
40,11500X100024.png,38,1
40,11500X100024.png,39,1
40,11500X100024.png,40,1
40,11500X100024.png,41,0
40,11500X100024.png,42,1
40,11500X100024.png,43,1
40,11500X100024.png,44,1
40,11500X100024.png,45,1
40,11500X100024.png,46,1
40,11500X100024.png,47,1
40,11500X100024.png,48,1
40,11500X100024.png,49,1
40,11500X100024.png,50,0
40,11500X100024.png,51,1
40,11500X100024.png,52,1
40,11500X100024.png,53,1
40,11500X100024.png,54,1
40,11500X100024.png,55,1
40,11500X100024.png,56,1
40,11500X100024.png,57,1
40,11500X100024.png,58,1
40,11500X100024.png,59,0
40,11500X100024.png,60,0
40,11500X100024.png,61,0
40,11500X100024.png,62,0
40,11500X100024.png,63,1
40,11500X100024.png,64,1
40,11500X100024.png,65,1
40,11500X100024.png,66,1
40,11500X100024.png,67,1
40,11500X100024.png,68,1
40,11500X100024.png,69,1
40,11500X100024.png,70,1
40,11500X100024.png,71,1
40,11500X100024.png,72,1
40,11500X100024.png,73,0
40,11500X100024.png,74,1
40,11500X100024.png,75,1
40,11500X100024.png,76,1
40,11500X100024.png,77,1
40,11500X100024.png,78,0
40,11500X100024.png,79,1
40,11500X100024.png,80,1
40,11500X100024.png,81,0
40,11500X100024.png,82,0
40,11500X100024.png,83,1
40,11500X100024.png,84,1
40,11500X100024.png,85,1
40,11500X100024.png,86,1
40,11500X100024.png,87,1
40,11500X100024.png,88,1
40,11500X100024.png,89,0
40,11500X100024.png,90,1
40,11500X100024.png,91,1
40,11500X100024.png,92,1
40,11500X100024.png,93,1
40,11500X100024.png,94,1
40,11500X100024.png,95,1
40,11500X100024.png,96,1
40,11500X100024.png,97,0
40,11500X100024.png,98,1
40,11500X100024.png,99,1
40,11500X100024.png,100,1
40,11500X100024.png,101,1
40,11500X100024.png,102,1
40,11500X100024.png,103,0
40,11500X100024.png,104,1
40,11500X100024.png,105,1
40,11500X100024.png,106,1
40,11500X100024.png,107,1
40,11500X100024.png,108,1
40,11500X100024.png,109,1
40,11500X100024.png,110,1
40,11500X100024.png,111,1
40,11500X100024.png,112,1
40,11500X100024.png,113,1
40,11500X100024.png,114,1
40,11500X100024.png,115,1
40,11500X100024.png,116,1
40,11500X100024.png,117,1
40,11500X100024.png,118,1
40,11500X100024.png,119,0
41,11500X100025.png,1,1
41,11500X100025.png,2,0
41,11500X100025.png,3,1
41,11500X100025.png,4,1
41,11500X100025.png,5,1
41,11500X100025.png,6,0
41,11500X100025.png,7,1
41,11500X100025.png,8,1
41,11500X100025.png,9,1
41,11500X100025.png,10,1
41,11500X100025.png,11,1
41,11500X100025.png,12,0
41,11500X100025.png,13,1
41,11500X100025.png,14,1
41,11500X100025.png,15,1
41,11500X100025.png,16,1
41,11500X100025.png,17,1
41,11500X100025.png,18,1
41,11500X100025.png,19,1
41,11500X100025.png,20,1
41,11500X100025.png,21,1
41,11500X100025.png,22,1
41,11500X100025.png,23,1
41,11500X100025.png,24,1
41,11500X100025.png,25,1
41,11500X100025.png,26,1
41,11500X100025.png,27,1
41,11500X100025.png,28,1
41,11500X100025.png,29,1
41,11500X100025.png,30,1
41,11500X100025.png,31,1
41,11500X100025.png,32,1
41,11500X100025.png,33,1
41,11500X100025.png,34,1
41,11500X100025.png,35,0
41,11500X100025.png,36,0
41,11500X100025.png,37,1
41,11500X100025.png,38,1
41,11500X100025.png,39,1
41,11500X100025.png,40,1
41,11500X100025.png,41,0
41,11500X100025.png,42,1
41,11500X100025.png,43,1
41,11500X100025.png,44,1
41,11500X100025.png,45,1
41,11500X100025.png,46,1
41,11500X100025.png,47,1
41,11500X100025.png,48,1
41,11500X100025.png,49,1
41,11500X100025.png,50,0
41,11500X100025.png,51,1
41,11500X100025.png,52,1
41,11500X100025.png,53,1
41,11500X100025.png,54,1
41,11500X100025.png,55,1
41,11500X100025.png,56,1
41,11500X100025.png,57,1
41,11500X100025.png,58,1
41,11500X100025.png,59,0
41,11500X100025.png,60,0
41,11500X100025.png,61,0
41,11500X100025.png,62,0
41,11500X100025.png,63,1
41,11500X100025.png,64,1
41,11500X100025.png,65,1
41,11500X100025.png,66,1
41,11500X100025.png,67,1
41,11500X100025.png,68,1
41,11500X100025.png,69,1
41,11500X100025.png,70,1
41,11500X100025.png,71,1
41,11500X100025.png,72,1
41,11500X100025.png,73,0
41,11500X100025.png,74,1
41,11500X100025.png,75,1
41,11500X100025.png,76,1
41,11500X100025.png,77,1
41,11500X100025.png,78,0
41,11500X100025.png,79,1
41,11500X100025.png,80,1
41,11500X100025.png,81,0
41,11500X100025.png,82,0
41,11500X100025.png,83,1
41,11500X100025.png,84,1
41,11500X100025.png,85,1
41,11500X100025.png,86,1
41,11500X100025.png,87,1
41,11500X100025.png,88,1
41,11500X100025.png,89,0
41,11500X100025.png,90,1
41,11500X100025.png,91,1
41,11500X100025.png,92,1
41,11500X100025.png,93,1
41,11500X100025.png,94,1
41,11500X100025.png,95,1
41,11500X100025.png,96,1
41,11500X100025.png,97,0
41,11500X100025.png,98,1
41,11500X100025.png,99,1
41,11500X100025.png,100,1
41,11500X100025.png,101,1
41,11500X100025.png,102,1
41,11500X100025.png,103,0
41,11500X100025.png,104,1
41,11500X100025.png,105,1
41,11500X100025.png,106,1
41,11500X100025.png,107,1
41,11500X100025.png,108,1
41,11500X100025.png,109,1
41,11500X100025.png,110,1
41,11500X100025.png,111,1
41,11500X100025.png,112,1
41,11500X100025.png,113,1
41,11500X100025.png,114,1
41,11500X100025.png,115,1
41,11500X100025.png,116,1
41,11500X100025.png,117,1
41,11500X100025.png,118,1
41,11500X100025.png,119,0
42,11500X100026.png,1,0
42,11500X100026.png,2,1
42,11500X100026.png,3,1
42,11500X100026.png,4,1
42,11500X100026.png,5,0
42,11500X100026.png,6,1
42,11500X100026.png,7,1
42,11500X100026.png,8,0
42,11500X100026.png,9,1
42,11500X100026.png,10,1
42,11500X100026.png,11,1
42,11500X100026.png,12,1
42,11500X100026.png,13,1
42,11500X100026.png,14,1
42,11500X100026.png,15,1
42,11500X100026.png,16,1
42,11500X100026.png,17,1
42,11500X100026.png,18,1
42,11500X100026.png,19,1
42,11500X100026.png,20,0
42,11500X100026.png,21,0
42,11500X100026.png,22,1
42,11500X100026.png,23,1
42,11500X100026.png,24,1
42,11500X100026.png,25,1
42,11500X100026.png,26,1
42,11500X100026.png,27,1
42,11500X100026.png,28,1
42,11500X100026.png,29,1
42,11500X100026.png,30,1
42,11500X100026.png,31,1
42,11500X100026.png,32,1
42,11500X100026.png,33,1
42,11500X100026.png,34,1
42,11500X100026.png,35,0
42,11500X100026.png,36,1
42,11500X100026.png,37,0
42,11500X100026.png,38,1
42,11500X100026.png,39,0
42,11500X100026.png,40,1
42,11500X100026.png,41,1
42,11500X100026.png,42,1
42,11500X100026.png,43,1
42,11500X100026.png,44,1
42,11500X100026.png,45,1
42,11500X100026.png,46,1
42,11500X100026.png,47,0
42,11500X100026.png,48,1
42,11500X100026.png,49,1
43,11500X100027.png,1,0
43,11500X100027.png,2,1
43,11500X100027.png,3,1
43,11500X100027.png,4,1
43,11500X100027.png,5,0
43,11500X100027.png,6,1
43,11500X100027.png,7,1
43,11500X100027.png,8,0
43,11500X100027.png,9,1
43,11500X100027.png,10,1
43,11500X100027.png,11,1
43,11500X100027.png,12,1
43,11500X100027.png,13,1
43,11500X100027.png,14,1
43,11500X100027.png,15,1
43,11500X100027.png,16,1
43,11500X100027.png,17,1
43,11500X100027.png,18,1
43,11500X100027.png,19,1
43,11500X100027.png,20,0
43,11500X100027.png,21,0
43,11500X100027.png,22,1
43,11500X100027.png,23,1
43,11500X100027.png,24,1
43,11500X100027.png,25,1
43,11500X100027.png,26,1
43,11500X100027.png,27,1
43,11500X100027.png,28,1
43,11500X100027.png,29,1
43,11500X100027.png,30,1
43,11500X100027.png,31,1
43,11500X100027.png,32,1
43,11500X100027.png,33,1
43,11500X100027.png,34,1
43,11500X100027.png,35,0
43,11500X100027.png,36,1
43,11500X100027.png,37,0
43,11500X100027.png,38,1
43,11500X100027.png,39,0
43,11500X100027.png,40,1
43,11500X100027.png,41,1
43,11500X100027.png,42,1
43,11500X100027.png,43,1
43,11500X100027.png,44,1
43,11500X100027.png,45,1
43,11500X100027.png,46,1
43,11500X100027.png,47,0
43,11500X100027.png,48,1
43,11500X100027.png,49,1
44,11500X100028.png,1,1
44,11500X100028.png,2,1
44,11500X100028.png,3,1
44,11500X100028.png,4,1
44,11500X100028.png,5,1
44,11500X100028.png,6,1
44,11500X100028.png,7,0
44,11500X100028.png,8,1
44,11500X100028.png,9,1
44,11500X100028.png,10,1
44,11500X100028.png,11,1
44,11500X100028.png,12,1
44,11500X100028.png,13,1
44,11500X100028.png,14,1
44,11500X100028.png,15,1
44,11500X100028.png,16,1
44,11500X100028.png,17,0
44,11500X100028.png,18,1
44,11500X100028.png,19,1
44,11500X100028.png,20,1
44,11500X100028.png,21,0
44,11500X100028.png,22,1
44,11500X100028.png,23,1
44,11500X100028.png,24,0
44,11500X100028.png,25,1
44,11500X100028.png,26,1
44,11500X100028.png,27,1
44,11500X100028.png,28,1
44,11500X100028.png,29,0
44,11500X100028.png,30,1
44,11500X100028.png,31,1
44,11500X100028.png,32,1
44,11500X100028.png,33,1
44,11500X100028.png,34,1
44,11500X100028.png,35,1
44,11500X100028.png,36,1
44,11500X100028.png,37,1
44,11500X100028.png,38,1
44,11500X100028.png,39,1
44,11500X100028.png,40,1
44,11500X100028.png,41,1
44,11500X100028.png,42,1
44,11500X100028.png,43,1
44,11500X100028.png,44,0
44,11500X100028.png,45,1
44,11500X100028.png,46,1
44,11500X100028.png,47,1
44,11500X100028.png,48,1
44,11500X100028.png,49,1
44,11500X100028.png,50,1
44,11500X100028.png,51,1
44,11500X100028.png,52,1
44,11500X100028.png,53,1
44,11500X100028.png,54,1
44,11500X100028.png,55,1
44,11500X100028.png,56,1
44,11500X100028.png,57,1
44,11500X100028.png,58,1
44,11500X100028.png,59,1
44,11500X100028.png,60,1
44,11500X100028.png,61,1
44,11500X100028.png,62,1
44,11500X100028.png,63,1
44,11500X100028.png,64,1
44,11500X100028.png,65,1
44,11500X100028.png,66,0
44,11500X100028.png,67,1
44,11500X100028.png,68,1
44,11500X100028.png,69,1
44,11500X100028.png,70,0
44,11500X100028.png,71,1
44,11500X100028.png,72,1
44,11500X100028.png,73,1
44,11500X100028.png,74,1
44,11500X100028.png,75,1
44,11500X100028.png,76,1
44,11500X100028.png,77,1
44,11500X100028.png,78,1
44,11500X100028.png,79,1
44,11500X100028.png,80,1
44,11500X100028.png,81,1
44,11500X100028.png,82,1
44,11500X100028.png,83,1
44,11500X100028.png,84,1
44,11500X100028.png,85,1
44,11500X100028.png,86,1
44,11500X100028.png,87,1
44,11500X100028.png,88,1
44,11500X100028.png,89,1
44,11500X100028.png,90,1
44,11500X100028.png,91,1
44,11500X100028.png,92,1
44,11500X100028.png,93,1
44,11500X100028.png,94,0
44,11500X100028.png,95,1
44,11500X100028.png,96,1
44,11500X100028.png,97,1
44,11500X100028.png,98,1
44,11500X100028.png,99,1
44,11500X100028.png,100,0
44,11500X100028.png,101,1
44,11500X100028.png,102,1
44,11500X100028.png,103,1
44,11500X100028.png,104,1
44,11500X100028.png,105,1
44,11500X100028.png,106,1
44,11500X100028.png,107,1
44,11500X100028.png,108,1
44,11500X100028.png,109,1
44,11500X100028.png,110,1
44,11500X100028.png,111,1
44,11500X100028.png,112,1
44,11500X100028.png,113,0
44,11500X100028.png,114,1
44,11500X100028.png,115,1
44,11500X100028.png,116,1
44,11500X100028.png,117,1
44,11500X100028.png,118,1
44,11500X100028.png,119,1
44,11500X100028.png,120,1
44,11500X100028.png,121,1
44,11500X100028.png,122,1
44,11500X100028.png,123,1
44,11500X100028.png,124,0
44,11500X100028.png,125,1
44,11500X100028.png,126,1
44,11500X100028.png,127,1
44,11500X100028.png,128,1
44,11500X100028.png,129,1
44,11500X100028.png,130,1
44,11500X100028.png,131,1
44,11500X100028.png,132,1
44,11500X100028.png,133,1
44,11500X100028.png,134,0
44,11500X100028.png,135,1
44,11500X100028.png,136,0
44,11500X100028.png,137,1
44,11500X100028.png,138,0
44,11500X100028.png,139,1
44,11500X100028.png,140,1
44,11500X100028.png,141,1
44,11500X100028.png,143,1
44,11500X100028.png,144,1
44,11500X100028.png,145,1
44,11500X100028.png,146,1
44,11500X100028.png,147,1
45,11500X100029.png,1,1
45,11500X100029.png,2,1
45,11500X100029.png,3,1
45,11500X100029.png,4,1
45,11500X100029.png,5,1
45,11500X100029.png,6,1
45,11500X100029.png,7,0
45,11500X100029.png,8,1
45,11500X100029.png,9,1
45,11500X100029.png,10,1
45,11500X100029.png,11,1
45,11500X100029.png,12,1
45,11500X100029.png,13,1
45,11500X100029.png,14,1
45,11500X100029.png,15,1
45,11500X100029.png,16,1
45,11500X100029.png,17,0
45,11500X100029.png,18,1
45,11500X100029.png,19,1
45,11500X100029.png,20,1
45,11500X100029.png,21,0
45,11500X100029.png,22,1
45,11500X100029.png,23,1
45,11500X100029.png,24,0
45,11500X100029.png,25,1
45,11500X100029.png,26,1
45,11500X100029.png,27,1
45,11500X100029.png,28,1
45,11500X100029.png,29,0
45,11500X100029.png,30,1
45,11500X100029.png,31,1
45,11500X100029.png,32,1
45,11500X100029.png,33,1
45,11500X100029.png,34,1
45,11500X100029.png,35,1
45,11500X100029.png,36,1
45,11500X100029.png,37,1
45,11500X100029.png,38,1
45,11500X100029.png,39,1
45,11500X100029.png,40,1
45,11500X100029.png,41,1
45,11500X100029.png,42,1
45,11500X100029.png,43,1
45,11500X100029.png,44,0
45,11500X100029.png,45,1
45,11500X100029.png,46,1
45,11500X100029.png,47,1
45,11500X100029.png,48,1
45,11500X100029.png,49,1
45,11500X100029.png,50,1
45,11500X100029.png,51,1
45,11500X100029.png,52,1
45,11500X100029.png,53,1
45,11500X100029.png,54,1
45,11500X100029.png,55,1
45,11500X100029.png,56,1
45,11500X100029.png,57,1
45,11500X100029.png,58,1
45,11500X100029.png,59,1
45,11500X100029.png,60,1
45,11500X100029.png,61,1
45,11500X100029.png,62,1
45,11500X100029.png,63,1
45,11500X100029.png,64,1
45,11500X100029.png,65,1
45,11500X100029.png,66,0
45,11500X100029.png,67,1
45,11500X100029.png,68,1
45,11500X100029.png,69,1
45,11500X100029.png,70,0
45,11500X100029.png,71,1
45,11500X100029.png,72,1
45,11500X100029.png,73,1
45,11500X100029.png,74,1
45,11500X100029.png,75,1
45,11500X100029.png,76,1
45,11500X100029.png,77,1
45,11500X100029.png,78,1
45,11500X100029.png,79,1
45,11500X100029.png,80,1
45,11500X100029.png,81,1
45,11500X100029.png,82,1
45,11500X100029.png,83,1
45,11500X100029.png,84,1
45,11500X100029.png,85,1
45,11500X100029.png,86,1
45,11500X100029.png,87,1
45,11500X100029.png,88,1
45,11500X100029.png,89,1
45,11500X100029.png,90,1
45,11500X100029.png,91,1
45,11500X100029.png,92,1
45,11500X100029.png,93,1
45,11500X100029.png,94,0
45,11500X100029.png,95,1
45,11500X100029.png,96,1
45,11500X100029.png,97,1
45,11500X100029.png,98,1
45,11500X100029.png,99,1
45,11500X100029.png,100,0
45,11500X100029.png,101,1
45,11500X100029.png,102,1
45,11500X100029.png,103,1
45,11500X100029.png,104,1
45,11500X100029.png,105,1
45,11500X100029.png,106,1
45,11500X100029.png,107,1
45,11500X100029.png,108,1
45,11500X100029.png,109,1
45,11500X100029.png,110,1
45,11500X100029.png,111,1
45,11500X100029.png,112,1
45,11500X100029.png,113,0
45,11500X100029.png,114,1
45,11500X100029.png,115,1
45,11500X100029.png,116,1
45,11500X100029.png,117,1
45,11500X100029.png,118,1
45,11500X100029.png,119,1
45,11500X100029.png,120,1
45,11500X100029.png,121,1
45,11500X100029.png,122,1
45,11500X100029.png,123,1
45,11500X100029.png,124,0
45,11500X100029.png,125,1
45,11500X100029.png,126,1
45,11500X100029.png,127,1
45,11500X100029.png,128,1
45,11500X100029.png,129,1
45,11500X100029.png,130,1
45,11500X100029.png,131,1
45,11500X100029.png,132,1
45,11500X100029.png,133,1
45,11500X100029.png,134,0
45,11500X100029.png,135,1
45,11500X100029.png,136,0
45,11500X100029.png,137,1
45,11500X100029.png,138,0
45,11500X100029.png,139,1
45,11500X100029.png,140,1
45,11500X100029.png,141,1
45,11500X100029.png,143,1
45,11500X100029.png,144,1
45,11500X100029.png,145,1
45,11500X100029.png,146,1
45,11500X100029.png,147,1
46,11500X10003.png,1,1
46,11500X10003.png,2,0
46,11500X10003.png,3,1
46,11500X10003.png,4,1
46,11500X10003.png,5,1
46,11500X10003.png,6,1
46,11500X10003.png,7,1
46,11500X10003.png,8,0
46,11500X10003.png,9,1
46,11500X10003.png,10,1
46,11500X10003.png,11,1
46,11500X10003.png,12,1
46,11500X10003.png,13,0
46,11500X10003.png,14,1
46,11500X10003.png,15,1
46,11500X10003.png,16,1
46,11500X10003.png,17,1
46,11500X10003.png,18,1
46,11500X10003.png,19,1
46,11500X10003.png,20,1
46,11500X10003.png,21,0
46,11500X10003.png,22,1
46,11500X10003.png,23,1
46,11500X10003.png,24,0
46,11500X10003.png,25,0
46,11500X10003.png,26,1
46,11500X10003.png,27,1
46,11500X10003.png,28,1
46,11500X10003.png,29,1
46,11500X10003.png,30,1
46,11500X10003.png,31,0
46,11500X10003.png,32,1
46,11500X10003.png,33,1
46,11500X10003.png,34,1
46,11500X10003.png,35,0
46,11500X10003.png,36,0
46,11500X10003.png,37,0
46,11500X10003.png,38,1
47,11500X100030.png,1,1
47,11500X100030.png,2,1
47,11500X100030.png,3,1
47,11500X100030.png,4,1
47,11500X100030.png,5,1
47,11500X100030.png,6,1
47,11500X100030.png,7,1
47,11500X100030.png,8,0
47,11500X100030.png,9,1
47,11500X100030.png,10,1
47,11500X100030.png,11,1
47,11500X100030.png,12,1
47,11500X100030.png,13,1
47,11500X100030.png,14,1
47,11500X100030.png,15,1
47,11500X100030.png,16,0
47,11500X100030.png,17,1
47,11500X100030.png,18,1
47,11500X100030.png,19,0
47,11500X100030.png,20,1
47,11500X100030.png,21,1
47,11500X100030.png,22,1
47,11500X100030.png,23,1
47,11500X100030.png,24,1
47,11500X100030.png,25,1
47,11500X100030.png,26,1
47,11500X100030.png,27,1
47,11500X100030.png,28,1
47,11500X100030.png,29,0
47,11500X100030.png,30,1
47,11500X100030.png,31,0
47,11500X100030.png,32,1
47,11500X100030.png,33,1
47,11500X100030.png,34,1
47,11500X100030.png,35,1
47,11500X100030.png,36,1
47,11500X100030.png,37,1
47,11500X100030.png,38,1
47,11500X100030.png,39,1
47,11500X100030.png,40,1
47,11500X100030.png,41,1
47,11500X100030.png,42,1
47,11500X100030.png,43,1
47,11500X100030.png,44,1
47,11500X100030.png,45,1
47,11500X100030.png,46,1
47,11500X100030.png,47,0
47,11500X100030.png,48,1
47,11500X100030.png,49,1
47,11500X100030.png,50,1
47,11500X100030.png,51,0
47,11500X100030.png,52,1
47,11500X100030.png,53,1
47,11500X100030.png,54,1
47,11500X100030.png,55,1
47,11500X100030.png,56,0
47,11500X100030.png,57,1
47,11500X100030.png,58,1
47,11500X100030.png,59,0
47,11500X100030.png,60,1
47,11500X100030.png,61,1
47,11500X100030.png,62,1
47,11500X100030.png,63,1
47,11500X100030.png,64,1
47,11500X100030.png,65,1
47,11500X100030.png,66,1
47,11500X100030.png,67,1
47,11500X100030.png,68,1
47,11500X100030.png,69,1
47,11500X100030.png,70,0
47,11500X100030.png,71,1
47,11500X100030.png,72,1
47,11500X100030.png,73,0
47,11500X100030.png,74,1
47,11500X100030.png,75,1
47,11500X100030.png,76,0
47,11500X100030.png,77,1
47,11500X100030.png,78,1
47,11500X100030.png,79,1
47,11500X100030.png,80,1
47,11500X100030.png,81,1
47,11500X100030.png,82,1
47,11500X100030.png,83,1
47,11500X100030.png,84,1
47,11500X100030.png,85,1
47,11500X100030.png,86,1
47,11500X100030.png,87,1
47,11500X100030.png,88,1
48,11500X100031.png,1,1
48,11500X100031.png,2,1
48,11500X100031.png,3,1
48,11500X100031.png,4,1
48,11500X100031.png,5,1
48,11500X100031.png,6,1
48,11500X100031.png,7,1
48,11500X100031.png,8,0
48,11500X100031.png,9,1
48,11500X100031.png,10,1
48,11500X100031.png,11,1
48,11500X100031.png,12,1
48,11500X100031.png,13,1
48,11500X100031.png,14,1
48,11500X100031.png,15,1
48,11500X100031.png,16,0
48,11500X100031.png,17,1
48,11500X100031.png,18,1
48,11500X100031.png,19,0
48,11500X100031.png,20,1
48,11500X100031.png,21,1
48,11500X100031.png,22,1
48,11500X100031.png,23,1
48,11500X100031.png,24,1
48,11500X100031.png,25,1
48,11500X100031.png,26,1
48,11500X100031.png,27,1
48,11500X100031.png,28,1
48,11500X100031.png,29,0
48,11500X100031.png,30,1
48,11500X100031.png,31,0
48,11500X100031.png,32,1
48,11500X100031.png,33,1
48,11500X100031.png,34,1
48,11500X100031.png,35,1
48,11500X100031.png,36,1
48,11500X100031.png,37,1
48,11500X100031.png,38,1
48,11500X100031.png,39,1
48,11500X100031.png,40,1
48,11500X100031.png,41,1
48,11500X100031.png,42,1
48,11500X100031.png,43,1
48,11500X100031.png,44,1
48,11500X100031.png,45,1
48,11500X100031.png,46,1
48,11500X100031.png,47,0
48,11500X100031.png,48,1
48,11500X100031.png,49,1
48,11500X100031.png,50,1
48,11500X100031.png,51,0
48,11500X100031.png,52,1
48,11500X100031.png,53,1
48,11500X100031.png,54,1
48,11500X100031.png,55,1
48,11500X100031.png,56,0
48,11500X100031.png,57,1
48,11500X100031.png,58,1
48,11500X100031.png,59,0
48,11500X100031.png,60,1
48,11500X100031.png,61,1
48,11500X100031.png,62,1
48,11500X100031.png,63,1
48,11500X100031.png,64,1
48,11500X100031.png,65,1
48,11500X100031.png,66,1
48,11500X100031.png,67,1
48,11500X100031.png,68,1
48,11500X100031.png,69,1
48,11500X100031.png,70,0
48,11500X100031.png,71,1
48,11500X100031.png,72,1
48,11500X100031.png,73,0
48,11500X100031.png,74,1
48,11500X100031.png,75,1
48,11500X100031.png,76,0
48,11500X100031.png,77,1
48,11500X100031.png,78,1
48,11500X100031.png,79,1
48,11500X100031.png,80,1
48,11500X100031.png,81,1
48,11500X100031.png,82,1
48,11500X100031.png,83,1
48,11500X100031.png,84,1
48,11500X100031.png,85,1
48,11500X100031.png,86,1
48,11500X100031.png,87,1
48,11500X100031.png,88,1
49,11500X100032.png,1,1
49,11500X100032.png,2,1
49,11500X100032.png,3,1
49,11500X100032.png,4,1
49,11500X100032.png,5,0
49,11500X100032.png,6,0
49,11500X100032.png,7,1
49,11500X100032.png,8,1
49,11500X100032.png,9,1
49,11500X100032.png,10,1
49,11500X100032.png,11,1
49,11500X100032.png,12,1
49,11500X100032.png,13,0
49,11500X100032.png,14,1
49,11500X100032.png,15,1
49,11500X100032.png,16,1
49,11500X100032.png,17,1
49,11500X100032.png,18,1
49,11500X100032.png,19,1
49,11500X100032.png,20,0
49,11500X100032.png,21,1
49,11500X100032.png,22,1
49,11500X100032.png,23,0
49,11500X100032.png,25,1
49,11500X100032.png,26,1
49,11500X100032.png,27,1
49,11500X100032.png,28,1
49,11500X100032.png,29,1
49,11500X100032.png,30,1
49,11500X100032.png,31,1
49,11500X100032.png,32,1
49,11500X100032.png,33,0
49,11500X100032.png,34,1
49,11500X100032.png,35,0
49,11500X100032.png,36,1
49,11500X100032.png,37,1
49,11500X100032.png,38,1
49,11500X100032.png,39,0
49,11500X100032.png,40,1
49,11500X100032.png,41,1
49,11500X100032.png,42,1
49,11500X100032.png,43,1
49,11500X100032.png,44,1
49,11500X100032.png,45,1
49,11500X100032.png,46,1
49,11500X100032.png,47,1
49,11500X100032.png,48,1
49,11500X100032.png,49,1
49,11500X100032.png,50,1
49,11500X100032.png,51,1
49,11500X100032.png,52,1
49,11500X100032.png,53,1
49,11500X100032.png,54,1
49,11500X100032.png,55,1
49,11500X100032.png,56,1
49,11500X100032.png,57,1
49,11500X100032.png,58,1
49,11500X100032.png,59,1
49,11500X100032.png,60,1
49,11500X100032.png,61,1
49,11500X100032.png,62,1
49,11500X100032.png,63,1
49,11500X100032.png,64,1
49,11500X100032.png,65,1
49,11500X100032.png,66,1
49,11500X100032.png,67,1
49,11500X100032.png,68,1
49,11500X100032.png,69,1
49,11500X100032.png,70,1
49,11500X100032.png,71,1
49,11500X100032.png,72,1
49,11500X100032.png,73,1
49,11500X100032.png,74,1
49,11500X100032.png,75,1
49,11500X100032.png,76,1
49,11500X100032.png,77,1
49,11500X100032.png,78,1
49,11500X100032.png,79,1
49,11500X100032.png,80,1
49,11500X100032.png,81,1
49,11500X100032.png,82,1
49,11500X100032.png,83,1
49,11500X100032.png,84,1
49,11500X100032.png,85,1
49,11500X100032.png,86,1
49,11500X100032.png,87,1
49,11500X100032.png,88,1
49,11500X100032.png,89,1
49,11500X100032.png,90,1
49,11500X100032.png,91,1
49,11500X100032.png,92,1
49,11500X100032.png,93,0
49,11500X100032.png,94,1
49,11500X100032.png,95,1
49,11500X100032.png,96,1
49,11500X100032.png,97,1
49,11500X100032.png,98,1
49,11500X100032.png,99,1
49,11500X100032.png,100,1
49,11500X100032.png,101,1
49,11500X100032.png,102,1
49,11500X100032.png,103,1
49,11500X100032.png,104,1
49,11500X100032.png,105,1
49,11500X100032.png,106,1
49,11500X100032.png,107,1
49,11500X100032.png,108,0
49,11500X100032.png,109,0
49,11500X100032.png,110,1
49,11500X100032.png,111,1
49,11500X100032.png,112,0
49,11500X100032.png,113,1
49,11500X100032.png,114,1
49,11500X100032.png,115,1
49,11500X100032.png,116,1
49,11500X100032.png,117,1
49,11500X100032.png,118,0
49,11500X100032.png,119,1
49,11500X100032.png,120,0
49,11500X100032.png,121,1
49,11500X100032.png,122,1
49,11500X100032.png,123,0
49,11500X100032.png,124,1
49,11500X100032.png,125,1
49,11500X100032.png,126,1
49,11500X100032.png,127,1
49,11500X100032.png,128,1
49,11500X100032.png,129,1
49,11500X100032.png,130,1
49,11500X100032.png,131,1
49,11500X100032.png,132,1
49,11500X100032.png,133,1
49,11500X100032.png,134,1
49,11500X100032.png,135,1
49,11500X100032.png,136,1
49,11500X100032.png,137,1
49,11500X100032.png,138,1
49,11500X100032.png,139,1
49,11500X100032.png,140,1
49,11500X100032.png,141,1
49,11500X100032.png,142,1
49,11500X100032.png,143,1
49,11500X100032.png,144,1
49,11500X100032.png,145,1
49,11500X100032.png,146,1
49,11500X100032.png,147,1
49,11500X100032.png,148,1
49,11500X100032.png,149,1
49,11500X100032.png,150,1
49,11500X100032.png,151,1
49,11500X100032.png,152,1
49,11500X100032.png,153,1
49,11500X100032.png,155,1
49,11500X100032.png,156,1
49,11500X100032.png,157,1
49,11500X100032.png,158,1
49,11500X100032.png,159,1
49,11500X100032.png,160,1
